"Accipiter gentilis","https://pipeline-museumapp.naturalis.nl/iucn_maps/Accipiter_gentilis_2019-10-08_08-57-22_print--trimmed--(2020-01-15--14:30:18).jpg"
"Accipiter nisus","https://pipeline-museumapp.naturalis.nl/iucn_maps/Accipiter_nisus_2019-10-08_08-57-26_print--trimmed--(2020-01-15--14:30:18).jpg"
"Acinonyx jubatus","https://pipeline-museumapp.naturalis.nl/iucn_maps/Acinonyx_jubatus_2019-10-08_08-57-41_print--trimmed--(2020-01-15--14:30:18).jpg"
"Acipenser sturio","https://pipeline-museumapp.naturalis.nl/iucn_maps/Acipenser_sturio_2019-10-08_08-57-45_print--trimmed--(2020-01-15--14:30:18).jpg"
"Acrocephalus arundinaceus","https://pipeline-museumapp.naturalis.nl/iucn_maps/Acrocephalus_arundinaceus_2019-10-08_08-57-50_print--trimmed--(2020-01-15--14:30:18).jpg"
"Acryllium vulturinum","https://pipeline-museumapp.naturalis.nl/iucn_maps/Acryllium_vulturinum_2019-10-08_08-57-59_print--trimmed--(2020-01-15--14:30:18).jpg"
"Actitis hypoleucos","https://pipeline-museumapp.naturalis.nl/iucn_maps/Actitis_hypoleucos_2019-10-08_08-58-03_print--trimmed--(2020-01-15--14:30:18).jpg"
"Aegithalos caudatus","https://pipeline-museumapp.naturalis.nl/iucn_maps/Aegithalos_caudatus_2019-10-08_08-58-07_print--trimmed--(2020-01-15--14:30:18).jpg"
"Aegolius funereus","https://pipeline-museumapp.naturalis.nl/iucn_maps/Aegolius_funereus_2019-10-08_08-58-12_print--trimmed--(2020-01-15--14:30:18).jpg"
"Aegypius monachus","https://pipeline-museumapp.naturalis.nl/iucn_maps/Aegypius_monachus_2019-10-08_08-58-17_print--trimmed--(2020-01-15--14:30:18).jpg"
"Aepyceros melampus","https://pipeline-museumapp.naturalis.nl/iucn_maps/Aepyceros_melampus_2019-10-08_08-58-22_print--trimmed--(2020-01-15--14:30:18).jpg"
"Aerodramus fuciphagus","https://pipeline-museumapp.naturalis.nl/iucn_maps/Aerodramus_fuciphagus_2019-10-08_08-58-26_print--trimmed--(2020-01-15--14:30:18).jpg"
"Aesculus hippocastanum","https://pipeline-museumapp.naturalis.nl/iucn_maps/Aesculus_hippocastanum_2019-10-08_08-58-30_print--trimmed--(2020-01-15--14:30:18).jpg"
"Agamia agami","https://pipeline-museumapp.naturalis.nl/iucn_maps/Agamia_agami_2019-10-08_08-58-35_print--trimmed--(2020-01-15--14:30:18).jpg"
"Agaricia agaricites","https://pipeline-museumapp.naturalis.nl/iucn_maps/Agaricia_agaricites_2019-10-08_08-58-39_print--trimmed--(2020-01-15--14:30:18).jpg"
"Ailuropoda melanoleuca","https://pipeline-museumapp.naturalis.nl/iucn_maps/Ailuropoda_melanoleuca_2019-10-08_08-58-44_print--trimmed--(2020-01-15--14:30:18).jpg"
"Ailurus fulgens","https://pipeline-museumapp.naturalis.nl/iucn_maps/Ailurus_fulgens_2019-10-08_08-58-49_print--trimmed--(2020-01-15--14:30:18).jpg"
"Aix galericulata","https://pipeline-museumapp.naturalis.nl/iucn_maps/Aix_galericulata_2019-10-08_08-58-53_print--trimmed--(2020-01-15--14:30:18).jpg"
"Alauda arvensis","https://pipeline-museumapp.naturalis.nl/iucn_maps/Alauda_arvensis_2019-10-08_08-58-57_print--trimmed--(2020-01-15--14:30:18).jpg"
"Alcedo atthis","https://pipeline-museumapp.naturalis.nl/iucn_maps/Alcedo_atthis_2019-10-08_08-59-02_print--trimmed--(2020-01-15--14:30:18).jpg"
"Alces alces  )","https://pipeline-museumapp.naturalis.nl/iucn_maps/Alces_alces_019-10-08_08-59-06)_print--trimmed--(2020-01-15--14:30:18).jpg"
"Alligator mississippiensis","https://pipeline-museumapp.naturalis.nl/iucn_maps/Alligator_mississippiensis_2019-10-08_08-59-13_print--trimmed--(2020-01-15--14:30:18).jpg"
"Alopias vulpinus","https://pipeline-museumapp.naturalis.nl/iucn_maps/Alopias_vulpinus_2019-10-08_08-59-21_print--trimmed--(2020-01-15--14:30:18).jpg"
"Alytes obstetricans","https://pipeline-museumapp.naturalis.nl/iucn_maps/Alytes_obstetricans_2019-10-08_08-59-26_print--trimmed--(2020-01-15--14:30:18).jpg"
"Amazilia fimbriata","https://pipeline-museumapp.naturalis.nl/iucn_maps/Amazilia_fimbriata_2019-10-08_08-59-31_print--trimmed--(2020-01-15--14:30:18).jpg"
"Amblyraja radiata","https://pipeline-museumapp.naturalis.nl/iucn_maps/Amblyraja_radiata_2019-10-08_08-59-35_print--trimmed--(2020-01-15--14:30:18).jpg"
"Amblysomus hottentotus","https://pipeline-museumapp.naturalis.nl/iucn_maps/Amblysomus_hottentotus_2019-10-08_08-59-39_print--trimmed--(2020-01-15--14:30:18).jpg"
"Ameiva ameiva","https://pipeline-museumapp.naturalis.nl/iucn_maps/Ameiva_ameiva_2019-10-08_08-59-43_print--trimmed--(2020-01-15--14:30:18).jpg"
"Amphisbaena fuliginosa","https://pipeline-museumapp.naturalis.nl/iucn_maps/Amphisbaena_fuliginosa_2019-10-08_08-59-48_print--trimmed--(2020-01-15--14:30:18).jpg"
"Anas platyrhynchos","https://pipeline-museumapp.naturalis.nl/iucn_maps/Anas_platyrhynchos_2019-10-08_09-00-03_print--trimmed--(2020-01-15--14:30:18).jpg"
"Anax imperator","https://pipeline-museumapp.naturalis.nl/iucn_maps/Anax_imperator_2019-10-08_09-00-12_print--trimmed--(2020-01-15--14:30:18).jpg"
"Anaxyrus terrestris","https://pipeline-museumapp.naturalis.nl/iucn_maps/Anaxyrus_terrestris_2019-10-08_09-00-08_print--trimmed--(2020-01-15--14:30:18).jpg"
"Andrias davidianus","https://pipeline-museumapp.naturalis.nl/iucn_maps/Andrias_davidianus_2019-10-08_09-00-16_print--trimmed--(2020-01-15--14:30:18).jpg"
"Anguilla anguilla","https://pipeline-museumapp.naturalis.nl/iucn_maps/Anguilla_anguilla_2019-10-08_09-00-21_print--trimmed--(2020-01-15--14:30:18).jpg"
"Anguis fragilis","https://pipeline-museumapp.naturalis.nl/iucn_maps/Anguis_fragilis_2019-10-16_15-06-07_print--trimmed--(2020-01-15--14:30:18).jpg"
"Anhinga rufa","https://pipeline-museumapp.naturalis.nl/iucn_maps/Anhinga_rufa_2019-10-08_09-00-36_print--trimmed--(2020-01-15--14:30:18).jpg"
"Anodorhynchus hyacinthinus","https://pipeline-museumapp.naturalis.nl/iucn_maps/Anodorhynchus_hyacinthinus_2019-10-08_09-00-43_print--trimmed--(2020-01-15--14:30:18).jpg"
"Anoura geoffroyi","https://pipeline-museumapp.naturalis.nl/iucn_maps/Anoura_geoffroyi_2019-10-08_09-00-48_print--trimmed--(2020-01-15--14:30:18).jpg"
"Anser anser","https://pipeline-museumapp.naturalis.nl/iucn_maps/Anser_anser_2019-10-08_09-00-52_print--trimmed--(2020-01-15--14:30:18).jpg"
"Anthropoides virgo","https://pipeline-museumapp.naturalis.nl/iucn_maps/Anthropoides_virgo_2019-10-08_09-00-56_print--trimmed--(2020-01-15--14:30:18).jpg"
"Anthus pratensis","https://pipeline-museumapp.naturalis.nl/iucn_maps/Anthus_pratensis_2019-10-08_09-01-01_print--trimmed--(2020-01-15--14:30:18).jpg"
"Antidorcas marsupialis","https://pipeline-museumapp.naturalis.nl/iucn_maps/Antidorcas_marsupialis_2019-10-08_09-01-05_print--trimmed--(2020-01-15--14:30:18).jpg"
"Antilope cervicapra","https://pipeline-museumapp.naturalis.nl/iucn_maps/Antilope_cervicapra_2019-10-08_09-01-09_print--trimmed--(2020-01-15--14:30:18).jpg"
"Aonyx cinereus","https://pipeline-museumapp.naturalis.nl/iucn_maps/Aonyx_cinereus_2019-10-08_09-01-14_print--trimmed--(2020-01-15--14:30:18).jpg"
"Apodemus agrarius","https://pipeline-museumapp.naturalis.nl/iucn_maps/Apodemus_agrarius_2019-10-08_09-01-29_print--trimmed--(2020-01-15--14:30:18).jpg"
"Apodemus sylvaticus","https://pipeline-museumapp.naturalis.nl/iucn_maps/Apodemus_sylvaticus_2019-10-08_09-01-33_print--trimmed--(2020-01-15--14:30:18).jpg"
"Aptenodytes forsteri","https://pipeline-museumapp.naturalis.nl/iucn_maps/Aptenodytes_forsteri_2019-10-16_14-59-35_print--trimmed--(2020-01-15--14:30:18).jpg"
"Aptenodytes patagonicus","https://pipeline-museumapp.naturalis.nl/iucn_maps/Aptenodytes_patagonicus_2019-10-08_09-01-38_print--trimmed--(2020-01-15--14:30:18).jpg"
"Apteryx australis","https://pipeline-museumapp.naturalis.nl/iucn_maps/Apteryx_australis_2019-10-08_09-01-42_print--trimmed--(2020-01-15--14:30:18).jpg"
"Apteryx mantelli","https://pipeline-museumapp.naturalis.nl/iucn_maps/Apteryx_mantelli_2019-10-08_09-01-47_print--trimmed--(2020-01-15--14:30:18).jpg"
"Aquila audax","https://pipeline-museumapp.naturalis.nl/iucn_maps/Aquila_audax_2019-10-08_09-01-51_print--trimmed--(2020-01-15--14:30:18).jpg"
"Aquila nipalensis","https://pipeline-museumapp.naturalis.nl/iucn_maps/Aquila_nipalensis_2019-10-08_09-01-58_print--trimmed--(2020-01-15--14:30:18).jpg"
"Ara ararauna","https://pipeline-museumapp.naturalis.nl/iucn_maps/Ara_ararauna_2019-10-08_09-02-04_print--trimmed--(2020-01-15--14:30:18).jpg"
"Ara chloropterus","https://pipeline-museumapp.naturalis.nl/iucn_maps/Ara_chloropterus_2019-10-08_09-02-09_print--trimmed--(2020-01-15--14:30:18).jpg"
"Ardea cinerea","https://pipeline-museumapp.naturalis.nl/iucn_maps/Ardea_cinerea_2019-10-08_09-02-16_print--trimmed--(2020-01-15--14:30:18).jpg"
"Ardea purpurea","https://pipeline-museumapp.naturalis.nl/iucn_maps/Ardea_purpurea_2019-10-08_09-02-20_print--trimmed--(2020-01-15--14:30:18).jpg"
"Ardeotis kori","https://pipeline-museumapp.naturalis.nl/iucn_maps/Ardeotis_kori_2019-10-08_09-02-24_print--trimmed--(2020-01-15--14:30:18).jpg"
"Arenaria interpres","https://pipeline-museumapp.naturalis.nl/iucn_maps/Arenaria_interpres_2019-10-08_09-02-29_print--trimmed--(2020-01-15--14:30:18).jpg"
"Arion rufus","https://pipeline-museumapp.naturalis.nl/iucn_maps/Arion_rufus_2019-10-08_09-02-33_print--trimmed--(2020-01-15--14:30:18).jpg"
"Artibeus jamaicensis","https://pipeline-museumapp.naturalis.nl/iucn_maps/Artibeus_jamaicensis_2019-10-08_09-02-38_print--trimmed--(2020-01-15--14:30:18).jpg"
"Asio flammeus","https://pipeline-museumapp.naturalis.nl/iucn_maps/Asio_flammeus_2019-10-08_09-02-42_print--trimmed--(2020-01-15--14:30:18).jpg"
"Asio otus","https://pipeline-museumapp.naturalis.nl/iucn_maps/Asio_otus_2019-10-08_09-02-46_print--trimmed--(2020-01-15--14:30:18).jpg"
"Astrapia nigra","https://pipeline-museumapp.naturalis.nl/iucn_maps/Astrapia_nigra_2019-10-08_09-02-51_print--trimmed--(2020-01-15--14:30:18).jpg"
"Ateles paniscus","https://pipeline-museumapp.naturalis.nl/iucn_maps/Ateles_paniscus_2019-10-08_09-02-55_print--trimmed--(2020-01-15--14:30:18).jpg"
"Athene noctua","https://pipeline-museumapp.naturalis.nl/iucn_maps/Athene_noctua_2019-10-08_09-03-00_print--trimmed--(2020-01-15--14:30:18).jpg"
"Aulacorhynchus prasinus","https://pipeline-museumapp.naturalis.nl/iucn_maps/Aulacorhynchus_prasinus_2019-10-08_09-03-04_print--trimmed--(2020-01-15--14:30:18).jpg"
"Babyrousa babyrussa","https://pipeline-museumapp.naturalis.nl/iucn_maps/Babyrousa_babyrussa_2019-10-08_09-03-08_print--trimmed--(2020-01-15--14:30:18).jpg"
"Balaenoptera borealis","https://pipeline-museumapp.naturalis.nl/iucn_maps/Balaenoptera_borealis_2019-10-08_09-03-13_print--trimmed--(2020-01-15--14:30:18).jpg"
"Balearica pavonina","https://pipeline-museumapp.naturalis.nl/iucn_maps/Balearica_pavonina_2019-10-08_09-03-22_print--trimmed--(2020-01-15--14:30:18).jpg"
"Barnardius zonarius","https://pipeline-museumapp.naturalis.nl/iucn_maps/Barnardius_zonarius_2019-10-08_09-03-26_print--trimmed--(2020-01-15--14:30:18).jpg"
"Bassariscus astutus","https://pipeline-museumapp.naturalis.nl/iucn_maps/Bassariscus_astutus_2019-10-08_09-03-31_print--trimmed--(2020-01-15--14:30:18).jpg"
"Belone belone","https://pipeline-museumapp.naturalis.nl/iucn_maps/Belone_belone_2019-10-08_09-03-39_print--trimmed--(2020-01-15--14:30:18).jpg"
"Betta splendens","https://pipeline-museumapp.naturalis.nl/iucn_maps/Betta_splendens_2019-10-08_09-03-57_print--trimmed--(2020-01-15--14:30:18).jpg"
"Bison bison","https://pipeline-museumapp.naturalis.nl/iucn_maps/Bison_bison_2019-10-08_09-04-04_print--trimmed--(2020-01-15--14:30:18).jpg"
"Bison bonasus","https://pipeline-museumapp.naturalis.nl/iucn_maps/Bison_bonasus_2019-10-08_09-04-09_print--trimmed--(2020-01-15--14:30:18).jpg"
"Bombycilla garrulus","https://pipeline-museumapp.naturalis.nl/iucn_maps/Bombycilla_garrulus_2019-10-08_09-04-27_print--trimmed--(2020-01-15--14:30:18).jpg"
"Boselaphus tragocamelus","https://pipeline-museumapp.naturalis.nl/iucn_maps/Boselaphus_tragocamelus_2019-10-08_09-04-41_print--trimmed--(2020-01-15--14:30:18).jpg"
"Bos javanicus","https://pipeline-museumapp.naturalis.nl/iucn_maps/Bos_javanicus_2019-10-08_09-04-32_print--trimmed--(2020-01-15--14:30:18).jpg"
"Bradypus tridactylus","https://pipeline-museumapp.naturalis.nl/iucn_maps/Bradypus_tridactylus_2019-10-08_09-04-50_print--trimmed--(2020-01-15--14:30:18).jpg"
"Branta bernicla","https://pipeline-museumapp.naturalis.nl/iucn_maps/Branta_bernicla_2019-10-08_09-04-54_print--trimmed--(2020-01-15--14:30:18).jpg"
"Branta leucopsis","https://pipeline-museumapp.naturalis.nl/iucn_maps/Branta_leucopsis_2019-10-08_09-05-07_print--trimmed--(2020-01-15--14:30:18).jpg"
"Branta ruficollis","https://pipeline-museumapp.naturalis.nl/iucn_maps/Branta_ruficollis_2019-10-08_09-05-11_print--trimmed--(2020-01-15--14:30:18).jpg"
"Branta sandvicensis","https://pipeline-museumapp.naturalis.nl/iucn_maps/Branta_sandvicensis_2019-10-08_09-05-16_print--trimmed--(2020-01-15--14:30:18).jpg"
"Bubalus depressicornis","https://pipeline-museumapp.naturalis.nl/iucn_maps/Bubalus_depressicornis_2019-10-08_09-05-22_print--trimmed--(2020-01-15--14:30:18).jpg"
"Bubo bubo","https://pipeline-museumapp.naturalis.nl/iucn_maps/Bubo_bubo_2019-10-08_09-05-27_print--trimmed--(2020-01-15--14:30:18).jpg"
"Bubo lacteus","https://pipeline-museumapp.naturalis.nl/iucn_maps/Bubo_lacteus_2019-10-08_09-05-32_print--trimmed--(2020-01-15--14:30:18).jpg"
"Bubo scandiacus","https://pipeline-museumapp.naturalis.nl/iucn_maps/Bubo_scandiacus_2019-10-08_09-05-36_print--trimmed--(2020-01-15--14:30:18).jpg"
"Buceros hydrocorax","https://pipeline-museumapp.naturalis.nl/iucn_maps/Buceros_hydrocorax_2019-10-08_09-05-42_print--trimmed--(2020-01-15--14:30:18).jpg"
"Bucorvus leadbeateri","https://pipeline-museumapp.naturalis.nl/iucn_maps/Bucorvus_leadbeateri_2019-10-08_09-05-47_print--trimmed--(2020-01-15--14:30:18).jpg"
"Bufo bufo","https://pipeline-museumapp.naturalis.nl/iucn_maps/Bufo_bufo_2019-10-08_09-05-52_print--trimmed--(2020-01-15--14:30:18).jpg"
"Buteo buteo","https://pipeline-museumapp.naturalis.nl/iucn_maps/Buteo_buteo_2019-10-08_09-05-58_print--trimmed--(2020-01-15--14:30:18).jpg"
"Cacajao melanocephalus","https://pipeline-museumapp.naturalis.nl/iucn_maps/Cacajao_melanocephalus_2019-10-08_09-06-03_print--trimmed--(2020-01-15--14:30:18).jpg"
"Cacatua haematuropygia","https://pipeline-museumapp.naturalis.nl/iucn_maps/Cacatua_haematuropygia_2019-10-08_09-06-08_print--trimmed--(2020-01-15--14:30:18).jpg"
"Cacicus haemorrhous","https://pipeline-museumapp.naturalis.nl/iucn_maps/Cacicus_haemorrhous_2019-10-08_09-06-13_print--trimmed--(2020-01-15--14:30:18).jpg"
"Caiman crocodilus","https://pipeline-museumapp.naturalis.nl/iucn_maps/Caiman_crocodilus_2019-10-08_09-06-17_print--trimmed--(2020-01-15--14:30:18).jpg"
"Caiman yacare","https://pipeline-museumapp.naturalis.nl/iucn_maps/Caiman_yacare_2019-10-08_09-06-23_print--trimmed--(2020-01-15--14:30:18).jpg"
"Calidris alba","https://pipeline-museumapp.naturalis.nl/iucn_maps/Calidris_alba_2019-10-08_09-06-27_print--trimmed--(2020-01-15--14:30:18).jpg"
"Calidris alpina","https://pipeline-museumapp.naturalis.nl/iucn_maps/Calidris_alpina_2019-10-08_09-06-32_print--trimmed--(2020-01-15--14:30:18).jpg"
"Callionymus lyra","https://pipeline-museumapp.naturalis.nl/iucn_maps/Callionymus_lyra_2019-10-08_09-06-37_print--trimmed--(2020-01-15--14:30:18).jpg"
"Callonetta leucophrys","https://pipeline-museumapp.naturalis.nl/iucn_maps/Callonetta_leucophrys_2019-10-08_09-06-42_print--trimmed--(2020-01-15--14:30:18).jpg"
"Callosciurus prevostii","https://pipeline-museumapp.naturalis.nl/iucn_maps/Callosciurus_prevostii_2019-10-16_13-32-05_print--trimmed--(2020-01-15--14:30:18).jpg"
"Canis lupus","https://pipeline-museumapp.naturalis.nl/iucn_maps/Canis_lupus_2019-10-16_13-32-19_print--trimmed--(2020-01-15--14:30:18).jpg"
"Capra ibex","https://pipeline-museumapp.naturalis.nl/iucn_maps/Capra_ibex_2019-10-16_13-32-26_print--trimmed--(2020-01-15--14:30:18).jpg"
"Capreolus capreolus","https://pipeline-museumapp.naturalis.nl/iucn_maps/Capreolus_capreolus_2019-10-16_13-32-31_print--trimmed--(2020-01-15--14:30:18).jpg"
"Caracal caracal","https://pipeline-museumapp.naturalis.nl/iucn_maps/Caracal_caracal_2019-10-16_13-32-36_print--trimmed--(2020-01-15--14:30:18).jpg"
"Caracara plancus","https://pipeline-museumapp.naturalis.nl/iucn_maps/Caracara_plancus_2019-10-16_13-32-40_print--trimmed--(2020-01-15--14:30:18).jpg"
"Carcharodon carcharias","https://pipeline-museumapp.naturalis.nl/iucn_maps/Carcharodon_carcharias_2019-10-16_13-32-44_print--trimmed--(2020-01-15--14:30:18).jpg"
"Cardinalis cardinalis","https://pipeline-museumapp.naturalis.nl/iucn_maps/Cardinalis_cardinalis_2019-10-16_13-32-49_print--trimmed--(2020-01-15--14:30:18).jpg"
"Carduelis carduelis","https://pipeline-museumapp.naturalis.nl/iucn_maps/Carduelis_carduelis_2019-10-16_13-32-53_print--trimmed--(2020-01-15--14:30:18).jpg"
"Cariama cristata","https://pipeline-museumapp.naturalis.nl/iucn_maps/Cariama_cristata_2019-10-16_13-32-58_print--trimmed--(2020-01-15--14:30:18).jpg"
"Carnegiea gigantea","https://pipeline-museumapp.naturalis.nl/iucn_maps/Carnegiea_gigantea_2019-10-16_13-33-02_print--trimmed--(2020-01-15--14:30:18).jpg"
"Castanea sativa","https://pipeline-museumapp.naturalis.nl/iucn_maps/Castanea_sativa_2019-10-16_13-33-09_print--trimmed--(2020-01-15--14:30:18).jpg"
"Castor fiber","https://pipeline-museumapp.naturalis.nl/iucn_maps/Castor_fiber_2019-10-16_13-33-13_print--trimmed--(2020-01-15--14:30:18).jpg"
"Casuarius casuarius","https://pipeline-museumapp.naturalis.nl/iucn_maps/Casuarius_casuarius_2019-10-16_13-33-18_print--trimmed--(2020-01-15--14:30:18).jpg"
"Cathartes aura","https://pipeline-museumapp.naturalis.nl/iucn_maps/Cathartes_aura_2019-10-16_13-33-22_print--trimmed--(2020-01-15--14:30:18).jpg"
"Ceratotherium simum","https://pipeline-museumapp.naturalis.nl/iucn_maps/Ceratotherium_simum_2019-10-16_13-33-39_print--trimmed--(2020-01-15--14:30:18).jpg"
"Cercartetus caudatus","https://pipeline-museumapp.naturalis.nl/iucn_maps/Cercartetus_caudatus_2019-10-16_13-33-43_print--trimmed--(2020-01-15--14:30:18).jpg"
"Cercopithecus cephus","https://pipeline-museumapp.naturalis.nl/iucn_maps/Cercopithecus_cephus_2019-10-16_13-33-51_print--trimmed--(2020-01-15--14:30:18).jpg"
"Cercopithecus mitis","https://pipeline-museumapp.naturalis.nl/iucn_maps/Cercopithecus_mitis_2019-10-16_13-33-55_print--trimmed--(2020-01-15--14:30:18).jpg"
"Cercopithecus petaurista","https://pipeline-museumapp.naturalis.nl/iucn_maps/Cercopithecus_petaurista_2019-10-16_13-34-00_print--trimmed--(2020-01-15--14:30:18).jpg"
"Certhia brachydactyla","https://pipeline-museumapp.naturalis.nl/iucn_maps/Certhia_brachydactyla_2019-10-16_13-34-04_print--trimmed--(2020-01-15--14:30:18).jpg"
"Cervus elaphus","https://pipeline-museumapp.naturalis.nl/iucn_maps/Cervus_elaphus_2019-10-16_13-34-09_print--trimmed--(2020-01-15--14:30:18).jpg"
"Ceryle rudis","https://pipeline-museumapp.naturalis.nl/iucn_maps/Ceryle_rudis_2019-10-16_13-34-13_print--trimmed--(2020-01-15--14:30:18).jpg"
"Chaetodon auriga","https://pipeline-museumapp.naturalis.nl/iucn_maps/Chaetodon_auriga_2019-10-16_13-34-17_print--trimmed--(2020-01-15--14:30:18).jpg"
"Chaetophractus villosus","https://pipeline-museumapp.naturalis.nl/iucn_maps/Chaetophractus_villosus_2019-10-16_13-34-22_print--trimmed--(2020-01-15--14:30:18).jpg"
"Chamaeleo africanus","https://pipeline-museumapp.naturalis.nl/iucn_maps/Chamaeleo_africanus_2019-10-16_13-34-26_print--trimmed--(2020-01-15--14:30:18).jpg"
"Chelidonichthys lucerna","https://pipeline-museumapp.naturalis.nl/iucn_maps/Chelidonichthys_lucerna_2019-10-16_13-34-30_print--trimmed--(2020-01-15--14:30:18).jpg"
"Chelmon rostratus","https://pipeline-museumapp.naturalis.nl/iucn_maps/Chelmon_rostratus_2019-10-16_13-34-35_print--trimmed--(2020-01-15--14:30:18).jpg"
"Chelonia mydas","https://pipeline-museumapp.naturalis.nl/iucn_maps/Chelonia_mydas_2019-10-16_13-34-44_print--trimmed--(2020-01-15--14:30:18).jpg"
"Chelon labrosus","https://pipeline-museumapp.naturalis.nl/iucn_maps/Chelon_labrosus_2019-10-16_13-34-39_print--trimmed--(2020-01-15--14:30:18).jpg"
"Chinchilla lanigera","https://pipeline-museumapp.naturalis.nl/iucn_maps/Chinchilla_lanigera_2019-10-16_13-34-49_print--trimmed--(2020-01-15--14:30:18).jpg"
"Chiropotes satanas","https://pipeline-museumapp.naturalis.nl/iucn_maps/Chiropotes_satanas_2019-10-16_13-46-31_print--trimmed--(2020-01-15--14:30:18).jpg"
"Chiroxiphia linearis","https://pipeline-museumapp.naturalis.nl/iucn_maps/Chiroxiphia_linearis_2019-10-16_13-46-36_print--trimmed--(2020-01-15--14:30:18).jpg"
"Chloebia gouldiae","https://pipeline-museumapp.naturalis.nl/iucn_maps/Chloebia_gouldiae_2019-10-16_14-23-54_print--trimmed--(2020-01-15--14:30:18).jpg"
"Chlorocebus aethiops","https://pipeline-museumapp.naturalis.nl/iucn_maps/Chlorocebus_aethiops_2019-10-16_13-46-40_print--trimmed--(2020-01-15--14:30:18).jpg"
"Choloepus didactylus","https://pipeline-museumapp.naturalis.nl/iucn_maps/Choloepus_didactylus_2019-10-16_13-46-44_print--trimmed--(2020-01-15--14:30:18).jpg"
"Chrysolampis mosquitus","https://pipeline-museumapp.naturalis.nl/iucn_maps/Chrysolampis_mosquitus_2019-10-16_13-46-53_print--trimmed--(2020-01-15--14:30:18).jpg"
"Chrysolophus pictus","https://pipeline-museumapp.naturalis.nl/iucn_maps/Chrysolophus_pictus_2019-10-16_13-46-58_print--trimmed--(2020-01-15--14:30:18).jpg"
"Cicinnurus regius","https://pipeline-museumapp.naturalis.nl/iucn_maps/Cicinnurus_regius_2019-10-16_13-47-02_print--trimmed--(2020-01-15--14:30:18).jpg"
"Ciconia ciconia","https://pipeline-museumapp.naturalis.nl/iucn_maps/Ciconia_ciconia_2019-10-16_13-47-06_print--trimmed--(2020-01-15--14:30:18).jpg"
"Cinclus cinclus","https://pipeline-museumapp.naturalis.nl/iucn_maps/Cinclus_cinclus_2019-10-16_13-47-11_print--trimmed--(2020-01-15--14:30:18).jpg"
"Circaetus gallicus","https://pipeline-museumapp.naturalis.nl/iucn_maps/Circaetus_gallicus_2019-10-16_14-59-45_print--trimmed--(2020-01-15--14:30:18).jpg"
"Circus aeruginosus","https://pipeline-museumapp.naturalis.nl/iucn_maps/Circus_aeruginosus_2019-10-16_13-47-15_print--trimmed--(2020-01-15--14:30:18).jpg"
"Circus buffoni","https://pipeline-museumapp.naturalis.nl/iucn_maps/Circus_buffoni_2019-10-16_13-47-20_print--trimmed--(2020-01-15--14:30:18).jpg"
"Clupea harengus","https://pipeline-museumapp.naturalis.nl/iucn_maps/Clupea_harengus_2019-10-16_13-47-26_print--trimmed--(2020-01-15--14:30:18).jpg"
"Coffea arabica","https://pipeline-museumapp.naturalis.nl/iucn_maps/Coffea_arabica_2019-10-16_13-47-31_print--trimmed--(2020-01-15--14:30:18).jpg"
"Colibri coruscans","https://pipeline-museumapp.naturalis.nl/iucn_maps/Colibri_coruscans_2019-10-16_13-47-35_print--trimmed--(2020-01-15--14:30:18).jpg"
"Columba livia","https://pipeline-museumapp.naturalis.nl/iucn_maps/Columba_livia_2019-10-16_13-47-41_print--trimmed--(2020-01-15--14:30:18).jpg"
"Connochaetes gnou","https://pipeline-museumapp.naturalis.nl/iucn_maps/Connochaetes_gnou_2019-10-16_13-47-46_print--trimmed--(2020-01-15--14:30:18).jpg"
"Conus leopardus","https://pipeline-museumapp.naturalis.nl/iucn_maps/Conus_leopardus_2019-10-16_13-47-50_print--trimmed--(2020-01-15--14:30:18).jpg"
"Conus litteratus","https://pipeline-museumapp.naturalis.nl/iucn_maps/Conus_litteratus_2019-10-16_13-47-54_print--trimmed--(2020-01-15--14:30:18).jpg"
"Coracias cyanogaster","https://pipeline-museumapp.naturalis.nl/iucn_maps/Coracias_cyanogaster_2019-10-16_13-47-59_print--trimmed--(2020-01-15--14:30:18).jpg"
"Coracias garrulus","https://pipeline-museumapp.naturalis.nl/iucn_maps/Coracias_garrulus_2019-10-16_13-48-03_print--trimmed--(2020-01-15--14:30:18).jpg"
"Coragyps atratus","https://pipeline-museumapp.naturalis.nl/iucn_maps/Coragyps_atratus_2019-10-16_13-48-07_print--trimmed--(2020-01-15--14:30:18).jpg"
"Corallus caninus","https://pipeline-museumapp.naturalis.nl/iucn_maps/Corallus_caninus_2019-10-16_13-48-16_print--trimmed--(2020-01-15--14:30:18).jpg"
"Coronella austriaca","https://pipeline-museumapp.naturalis.nl/iucn_maps/Coronella_austriaca_2019-10-16_14-18-53_print--trimmed--(2020-01-15--14:30:18).jpg"
"Corvus corax","https://pipeline-museumapp.naturalis.nl/iucn_maps/Corvus_corax_2019-10-16_14-18-57_print--trimmed--(2020-01-15--14:30:18).jpg"
"Corvus corone","https://pipeline-museumapp.naturalis.nl/iucn_maps/Corvus_corone_2019-10-16_14-19-01_print--trimmed--(2020-01-15--14:30:18).jpg"
"Corvus frugilegus","https://pipeline-museumapp.naturalis.nl/iucn_maps/Corvus_frugilegus_2019-10-16_14-19-05_print--trimmed--(2020-01-15--14:30:18).jpg"
"Corvus monedula","https://pipeline-museumapp.naturalis.nl/iucn_maps/Corvus_monedula_2019-10-16_14-19-10_print--trimmed--(2020-01-15--14:30:18).jpg"
"Coryphaena hippurus","https://pipeline-museumapp.naturalis.nl/iucn_maps/Coryphaena_hippurus_2019-10-16_14-19-23_print--trimmed--(2020-01-15--14:30:18).jpg"
"Coturnix coturnix","https://pipeline-museumapp.naturalis.nl/iucn_maps/Coturnix_coturnix_2019-10-16_14-19-27_print--trimmed--(2020-01-15--14:30:18).jpg"
"Crocodylus niloticus","https://pipeline-museumapp.naturalis.nl/iucn_maps/Crocodylus_niloticus_2019-10-16_14-19-34_print--trimmed--(2020-01-15--14:30:18).jpg"
"Crocodylus porosus","https://pipeline-museumapp.naturalis.nl/iucn_maps/Crocodylus_porosus_2019-10-16_14-19-38_print--trimmed--(2020-01-15--14:30:18).jpg"
"Crocodylus siamensis","https://pipeline-museumapp.naturalis.nl/iucn_maps/Crocodylus_siamensis_2019-10-16_14-19-42_print--trimmed--(2020-01-15--14:30:18).jpg"
"Crossarchus obscurus","https://pipeline-museumapp.naturalis.nl/iucn_maps/Crossarchus_obscurus_2019-10-16_14-19-46_print--trimmed--(2020-01-15--14:30:18).jpg"
"Crossoptilon auritum","https://pipeline-museumapp.naturalis.nl/iucn_maps/Crossoptilon_auritum_2019-10-16_14-19-51_print--trimmed--(2020-01-15--14:30:18).jpg"
"Crotalus atrox","https://pipeline-museumapp.naturalis.nl/iucn_maps/Crotalus_atrox_2019-10-16_14-19-56_print--trimmed--(2020-01-15--14:30:18).jpg"
"Crotalus viridis","https://pipeline-museumapp.naturalis.nl/iucn_maps/Crotalus_viridis_2019-10-16_14-20-00_print--trimmed--(2020-01-15--14:30:18).jpg"
"Ctenosaura similis","https://pipeline-museumapp.naturalis.nl/iucn_maps/Ctenosaura_similis_2019-10-16_14-20-04_print--trimmed--(2020-01-15--14:30:18).jpg"
"Cuculus canorus","https://pipeline-museumapp.naturalis.nl/iucn_maps/Cuculus_canorus_2019-10-16_14-20-08_print--trimmed--(2020-01-15--14:30:18).jpg"
"Cuniculus paca","https://pipeline-museumapp.naturalis.nl/iucn_maps/Cuniculus_paca_2019-10-16_14-20-13_print--trimmed--(2020-01-15--14:30:18).jpg"
"Cyanerpes caeruleus","https://pipeline-museumapp.naturalis.nl/iucn_maps/Cyanerpes_caeruleus_2019-10-16_14-20-17_print--trimmed--(2020-01-15--14:30:18).jpg"
"Cyanistes caeruleus","https://pipeline-museumapp.naturalis.nl/iucn_maps/Cyanistes_caeruleus_2019-10-16_14-20-21_print--trimmed--(2020-01-15--14:30:18).jpg"
"Cyanocorax yncas","https://pipeline-museumapp.naturalis.nl/iucn_maps/Cyanocorax_yncas_2019-10-16_14-20-25_print--trimmed--(2020-01-15--14:30:18).jpg"
"Cyclura cornuta","https://pipeline-museumapp.naturalis.nl/iucn_maps/Cyclura_cornuta_2019-10-16_14-20-34_print--trimmed--(2020-01-15--14:30:18).jpg"
"Cygnus buccinator","https://pipeline-museumapp.naturalis.nl/iucn_maps/Cygnus_buccinator_2019-10-16_14-20-38_print--trimmed--(2020-01-15--14:30:18).jpg"
"Cygnus columbianus","https://pipeline-museumapp.naturalis.nl/iucn_maps/Cygnus_columbianus_2019-10-16_14-20-42_print--trimmed--(2020-01-15--14:30:18).jpg"
"Cygnus cygnus","https://pipeline-museumapp.naturalis.nl/iucn_maps/Cygnus_cygnus_2019-10-16_14-20-46_print--trimmed--(2020-01-15--14:30:18).jpg"
"Cygnus olor","https://pipeline-museumapp.naturalis.nl/iucn_maps/Cygnus_olor_2019-10-16_14-20-51_print--trimmed--(2020-01-15--14:30:18).jpg"
"Cymbirhynchus macrorhynchos","https://pipeline-museumapp.naturalis.nl/iucn_maps/Cymbirhynchus_macrorhynchos_2019-10-16_14-20-54_print--trimmed--(2020-01-15--14:30:18).jpg"
"Cyprinus carpio","https://pipeline-museumapp.naturalis.nl/iucn_maps/Cyprinus_carpio_2019-10-16_14-20-58_print--trimmed--(2020-01-15--14:30:18).jpg"
"Cystophora cristata","https://pipeline-museumapp.naturalis.nl/iucn_maps/Cystophora_cristata_2019-10-16_14-21-02_print--trimmed--(2020-01-15--14:30:18).jpg"
"Dacelo novaeguineae","https://pipeline-museumapp.naturalis.nl/iucn_maps/Dacelo_novaeguineae_2019-10-16_14-21-07_print--trimmed--(2020-01-15--14:30:18).jpg"
"Dama dama","https://pipeline-museumapp.naturalis.nl/iucn_maps/Dama_dama_2019-10-16_14-21-11_print--trimmed--(2020-01-15--14:30:18).jpg"
"Dasyprocta leporina","https://pipeline-museumapp.naturalis.nl/iucn_maps/Dasyprocta_leporina_2019-10-16_14-21-19_print--trimmed--(2020-01-15--14:30:18).jpg"
"Dasypus novemcinctus","https://pipeline-museumapp.naturalis.nl/iucn_maps/Dasypus_novemcinctus_2019-10-16_14-21-23_print--trimmed--(2020-01-15--14:30:18).jpg"
"Delichon urbicum","https://pipeline-museumapp.naturalis.nl/iucn_maps/Delichon_urbicum_2019-10-16_14-21-27_print--trimmed--(2020-01-15--14:30:18).jpg"
"Delonix regia","https://pipeline-museumapp.naturalis.nl/iucn_maps/Delonix_regia_2019-10-16_14-21-32_print--trimmed--(2020-01-15--14:30:18).jpg"
"Delphinapterus leucas","https://pipeline-museumapp.naturalis.nl/iucn_maps/Delphinapterus_leucas_2019-10-16_14-21-36_print--trimmed--(2020-01-15--14:30:18).jpg"
"Delphinus delphis","https://pipeline-museumapp.naturalis.nl/iucn_maps/Delphinus_delphis_2019-10-16_14-21-40_print--trimmed--(2020-01-15--14:30:18).jpg"
"Dendrobates auratus","https://pipeline-museumapp.naturalis.nl/iucn_maps/Dendrobates_auratus_2019-10-16_14-21-44_print--trimmed--(2020-01-15--14:30:18).jpg"
"Dendrobates tinctorius","https://pipeline-museumapp.naturalis.nl/iucn_maps/Dendrobates_tinctorius_2019-10-16_14-21-48_print--trimmed--(2020-01-15--14:30:18).jpg"
"Dendrocopos major","https://pipeline-museumapp.naturalis.nl/iucn_maps/Dendrocopos_major_2019-10-16_14-21-53_print--trimmed--(2020-01-15--14:30:18).jpg"
"Dendrolagus dorianus","https://pipeline-museumapp.naturalis.nl/iucn_maps/Dendrolagus_dorianus_2019-10-16_14-21-57_print--trimmed--(2020-01-15--14:30:18).jpg"
"Dendrolagus matschiei","https://pipeline-museumapp.naturalis.nl/iucn_maps/Dendrolagus_matschiei_2019-10-16_14-22-01_print--trimmed--(2020-01-15--14:30:18).jpg"
"Dermochelys coriacea","https://pipeline-museumapp.naturalis.nl/iucn_maps/Dermochelys_coriacea_2019-10-16_14-22-05_print--trimmed--(2020-01-15--14:30:18).jpg"
"Dicrurus leucophaeus","https://pipeline-museumapp.naturalis.nl/iucn_maps/Dicrurus_leucophaeus_2019-10-16_14-22-09_print--trimmed--(2020-01-15--14:30:18).jpg"
"Dicrurus paradiseus","https://pipeline-museumapp.naturalis.nl/iucn_maps/Dicrurus_paradiseus_2019-10-16_14-22-13_print--trimmed--(2020-01-15--14:30:18).jpg"
"Didelphis aurita","https://pipeline-museumapp.naturalis.nl/iucn_maps/Didelphis_aurita_2019-10-16_14-22-18_print--trimmed--(2020-01-15--14:30:18).jpg"
"Diodon hystrix","https://pipeline-museumapp.naturalis.nl/iucn_maps/Diodon_hystrix_2019-10-16_14-22-26_print--trimmed--(2020-01-15--14:30:18).jpg"
"Diomedea exulans","https://pipeline-museumapp.naturalis.nl/iucn_maps/Diomedea_exulans_2019-10-16_14-22-30_print--trimmed--(2020-01-15--14:30:18).jpg"
"Dipturus batis","https://pipeline-museumapp.naturalis.nl/iucn_maps/Dipturus_batis_2019-10-16_14-22-38_print--trimmed--(2020-01-15--14:30:18).jpg"
"Dolichotis patagonum","https://pipeline-museumapp.naturalis.nl/iucn_maps/Dolichotis_patagonum_2019-10-16_14-22-43_print--trimmed--(2020-01-15--14:30:18).jpg"
"Dromaius novaehollandiae","https://pipeline-museumapp.naturalis.nl/iucn_maps/Dromaius_novaehollandiae_2019-10-16_14-22-49_print--trimmed--(2020-01-15--14:30:18).jpg"
"Eclectus roratus","https://pipeline-museumapp.naturalis.nl/iucn_maps/Eclectus_roratus_2019-10-16_14-22-58_print--trimmed--(2020-01-15--14:30:18).jpg"
"Egretta garzetta","https://pipeline-museumapp.naturalis.nl/iucn_maps/Egretta_garzetta_2019-10-16_14-23-02_print--trimmed--(2020-01-15--14:30:18).jpg"
"Elanus caeruleus","https://pipeline-museumapp.naturalis.nl/iucn_maps/Elanus_caeruleus_2019-10-16_14-23-06_print--trimmed--(2020-01-15--14:30:18).jpg"
"Electrophorus electricus","https://pipeline-museumapp.naturalis.nl/iucn_maps/Electrophorus_electricus_2019-10-16_14-23-11_print--trimmed--(2020-01-15--14:30:18).jpg"
"Elephas maximus","https://pipeline-museumapp.naturalis.nl/iucn_maps/Elephas_maximus_2019-10-16_14-59-51_print--trimmed--(2020-01-15--14:30:18).jpg"
"Eliomys quercinus","https://pipeline-museumapp.naturalis.nl/iucn_maps/Eliomys_quercinus_2019-10-16_14-23-14_print--trimmed--(2020-01-15--14:30:18).jpg"
"Engraulis encrasicolus","https://pipeline-museumapp.naturalis.nl/iucn_maps/Engraulis_encrasicolus_2019-10-16_14-23-21_print--trimmed--(2020-01-15--14:30:18).jpg"
"Epinephelus marginatus","https://pipeline-museumapp.naturalis.nl/iucn_maps/Epinephelus_marginatus_2019-10-16_14-23-25_print--trimmed--(2020-01-15--14:30:18).jpg"
"Equus ferus","https://pipeline-museumapp.naturalis.nl/iucn_maps/Equus_ferus_2019-10-16_14-23-29_print--trimmed--(2020-01-15--14:30:18).jpg"
"Equus hemionus","https://pipeline-museumapp.naturalis.nl/iucn_maps/Equus_hemionus_2019-10-16_14-23-33_print--trimmed--(2020-01-15--14:30:18).jpg"
"Equus zebra","https://pipeline-museumapp.naturalis.nl/iucn_maps/Equus_zebra_2019-10-16_14-23-37_print--trimmed--(2020-01-15--14:30:18).jpg"
"Eretmochelys imbricata","https://pipeline-museumapp.naturalis.nl/iucn_maps/Eretmochelys_imbricata_2019-10-16_14-23-42_print--trimmed--(2020-01-15--14:30:18).jpg"
"Erinaceus europaeus","https://pipeline-museumapp.naturalis.nl/iucn_maps/Erinaceus_europaeus_2019-10-16_14-23-46_print--trimmed--(2020-01-15--14:30:18).jpg"
"Erithacus rubecula","https://pipeline-museumapp.naturalis.nl/iucn_maps/Erithacus_rubecula_2019-10-16_14-23-50_print--trimmed--(2020-01-15--14:30:18).jpg"
"Eudocimus ruber","https://pipeline-museumapp.naturalis.nl/iucn_maps/Eudocimus_ruber_2019-10-16_14-24-05_print--trimmed--(2020-01-15--14:30:18).jpg"
"Eudorcas thomsonii","https://pipeline-museumapp.naturalis.nl/iucn_maps/Eudorcas_thomsonii_2019-10-16_14-24-09_print--trimmed--(2020-01-15--14:30:18).jpg"
"Eudromia elegans","https://pipeline-museumapp.naturalis.nl/iucn_maps/Eudromia_elegans_2019-10-16_14-24-17_print--trimmed--(2020-01-15--14:30:18).jpg"
"Eudyptes chrysolophus","https://pipeline-museumapp.naturalis.nl/iucn_maps/Eudyptes_chrysolophus_2019-10-16_14-24-21_print--trimmed--(2020-01-15--14:30:18).jpg"
"Eutamias sibiricus","https://pipeline-museumapp.naturalis.nl/iucn_maps/Eutamias_sibiricus_2019-10-16_14-55-27_print--trimmed--(2020-01-15--14:30:18).jpg"
"Exocoetus volitans","https://pipeline-museumapp.naturalis.nl/iucn_maps/Exocoetus_volitans_2019-10-16_14-24-25_print--trimmed--(2020-01-15--14:30:18).jpg"
"Fagus sylvatica","https://pipeline-museumapp.naturalis.nl/iucn_maps/Fagus_sylvatica_2019-10-16_14-24-30_print--trimmed--(2020-01-15--14:30:18).jpg"
"Falco biarmicus","https://pipeline-museumapp.naturalis.nl/iucn_maps/Falco_biarmicus_2019-10-16_14-24-35_print--trimmed--(2020-01-15--14:30:18).jpg"
"Falco peregrinus","https://pipeline-museumapp.naturalis.nl/iucn_maps/Falco_peregrinus_2019-10-16_14-24-39_print--trimmed--(2020-01-15--14:30:18).jpg"
"Falco subbuteo","https://pipeline-museumapp.naturalis.nl/iucn_maps/Falco_subbuteo_2019-10-16_14-24-48_print--trimmed--(2020-01-15--14:30:18).jpg"
"Falco tinnunculus","https://pipeline-museumapp.naturalis.nl/iucn_maps/Falco_tinnunculus_2019-10-16_14-24-53_print--trimmed--(2020-01-15--14:30:18).jpg"
"Falco vespertinus","https://pipeline-museumapp.naturalis.nl/iucn_maps/Falco_vespertinus_2019-10-16_14-24-57_print--trimmed--(2020-01-15--14:30:18).jpg"
"Favia favus","https://pipeline-museumapp.naturalis.nl/iucn_maps/Favia_favus_2019-10-16_14-22-34_print--trimmed--(2020-01-15--14:30:18).jpg"
"Fratercula arctica","https://pipeline-museumapp.naturalis.nl/iucn_maps/Fratercula_arctica_2019-10-16_14-25-04_print--trimmed--(2020-01-15--14:30:18).jpg"
"Fregata minor","https://pipeline-museumapp.naturalis.nl/iucn_maps/Fregata_minor_2019-10-16_15-00-59_print--trimmed--(2020-01-15--14:30:18).jpg"
"Fringilla coelebs","https://pipeline-museumapp.naturalis.nl/iucn_maps/Fringilla_coelebs_2019-10-16_14-25-08_print--trimmed--(2020-01-15--14:30:18).jpg"
"Fulica atra","https://pipeline-museumapp.naturalis.nl/iucn_maps/Fulica_atra_2019-10-16_14-25-12_print--trimmed--(2020-01-15--14:30:18).jpg"
"Fulmarus glacialis","https://pipeline-museumapp.naturalis.nl/iucn_maps/Fulmarus_glacialis_2019-10-16_14-25-20_print--trimmed--(2020-01-15--14:30:18).jpg"
"Galago senegalensis","https://pipeline-museumapp.naturalis.nl/iucn_maps/Galago_senegalensis_2019-10-16_14-25-31_print--trimmed--(2020-01-15--14:30:18).jpg"
"Galbula galbula","https://pipeline-museumapp.naturalis.nl/iucn_maps/Galbula_galbula_2019-10-16_14-25-36_print--trimmed--(2020-01-15--14:30:18).jpg"
"Galemys pyrenaicus","https://pipeline-museumapp.naturalis.nl/iucn_maps/Galemys_pyrenaicus_2019-10-16_14-25-41_print--trimmed--(2020-01-15--14:30:18).jpg"
"Gallinago gallinago","https://pipeline-museumapp.naturalis.nl/iucn_maps/Gallinago_gallinago_2019-10-16_14-25-45_print--trimmed--(2020-01-15--14:30:18).jpg"
"Garrulus glandarius","https://pipeline-museumapp.naturalis.nl/iucn_maps/Garrulus_glandarius_2019-10-16_14-26-17_print--trimmed--(2020-01-15--14:30:18).jpg"
"Gasterosteus aculeatus","https://pipeline-museumapp.naturalis.nl/iucn_maps/Gasterosteus_aculeatus_2019-10-16_14-26-22_print--trimmed--(2020-01-15--14:30:18).jpg"
"Gavia stellata","https://pipeline-museumapp.naturalis.nl/iucn_maps/Gavia_stellata_2019-10-16_14-26-26_print--trimmed--(2020-01-15--14:30:18).jpg"
"Gazella leptoceros","https://pipeline-museumapp.naturalis.nl/iucn_maps/Gazella_leptoceros_2019-10-16_14-26-30_print--trimmed--(2020-01-15--14:30:18).jpg"
"Gekko gecko","https://pipeline-museumapp.naturalis.nl/iucn_maps/Gekko_gecko_2019-10-16_14-26-34_print--trimmed--(2020-01-15--14:30:18).jpg"
"Gempylus serpens","https://pipeline-museumapp.naturalis.nl/iucn_maps/Gempylus_serpens_2019-10-16_14-26-38_print--trimmed--(2020-01-15--14:30:18).jpg"
"Geococcyx californianus","https://pipeline-museumapp.naturalis.nl/iucn_maps/Geococcyx_californianus_2019-10-16_14-26-42_print--trimmed--(2020-01-15--14:30:18).jpg"
"Geronticus calvus","https://pipeline-museumapp.naturalis.nl/iucn_maps/Geronticus_calvus_2019-10-16_14-26-46_print--trimmed--(2020-01-15--14:30:18).jpg"
"Glaucidium passerinum","https://pipeline-museumapp.naturalis.nl/iucn_maps/Glaucidium_passerinum_2019-10-16_14-26-53_print--trimmed--(2020-01-15--14:30:18).jpg"
"Glaucomys sabrinus","https://pipeline-museumapp.naturalis.nl/iucn_maps/Glaucomys_sabrinus_2019-10-16_14-26-57_print--trimmed--(2020-01-15--14:30:18).jpg"
"Gobiusculus flavescens","https://pipeline-museumapp.naturalis.nl/iucn_maps/Gobiusculus_flavescens_2019-10-16_14-27-01_print--trimmed--(2020-01-15--14:30:18).jpg"
"Gomphosus caeruleus","https://pipeline-museumapp.naturalis.nl/iucn_maps/Gomphosus_caeruleus_2019-10-16_14-27-05_print--trimmed--(2020-01-15--14:30:18).jpg"
"Gorilla gorilla","https://pipeline-museumapp.naturalis.nl/iucn_maps/Gorilla_gorilla_2019-10-16_14-27-09_print--trimmed--(2020-01-15--14:30:18).jpg"
"Goura scheepmakeri","https://pipeline-museumapp.naturalis.nl/iucn_maps/Goura_scheepmakeri_2019-10-16_14-27-19_print--trimmed--(2020-01-15--14:30:18).jpg"
"Grus japonensis","https://pipeline-museumapp.naturalis.nl/iucn_maps/Grus_japonensis_2019-10-16_14-27-24_print--trimmed--(2020-01-15--14:30:18).jpg"
"Gulo gulo","https://pipeline-museumapp.naturalis.nl/iucn_maps/Gulo_gulo_2019-10-16_14-59-55_print--trimmed--(2020-01-15--14:30:18).jpg"
"Gyps bengalensis","https://pipeline-museumapp.naturalis.nl/iucn_maps/Gyps_bengalensis_2019-10-16_14-27-33_print--trimmed--(2020-01-15--14:30:18).jpg"
"Gyps fulvus","https://pipeline-museumapp.naturalis.nl/iucn_maps/Gyps_fulvus_2019-10-16_14-27-37_print--trimmed--(2020-01-15--14:30:18).jpg"
"Haematopus ostralegus","https://pipeline-museumapp.naturalis.nl/iucn_maps/Haematopus_ostralegus_2019-10-16_14-27-41_print--trimmed--(2020-01-15--14:30:18).jpg"
"Halcyon malimbica","https://pipeline-museumapp.naturalis.nl/iucn_maps/Halcyon_malimbica_2019-10-16_14-27-46_print--trimmed--(2020-01-15--14:30:18).jpg"
"Haliaeetus albicilla","https://pipeline-museumapp.naturalis.nl/iucn_maps/Haliaeetus_albicilla_2019-10-16_14-27-50_print--trimmed--(2020-01-15--14:30:18).jpg"
"Halichoerus grypus","https://pipeline-museumapp.naturalis.nl/iucn_maps/Halichoerus_grypus_2019-10-16_14-27-54_print--trimmed--(2020-01-15--14:30:18).jpg"
"Halomitra pileus","https://pipeline-museumapp.naturalis.nl/iucn_maps/Halomitra_pileus_2019-10-16_14-27-58_print--trimmed--(2020-01-15--14:30:18).jpg"
"Haplochromis macrognathus","https://pipeline-museumapp.naturalis.nl/iucn_maps/Haplochromis_macrognathus_2019-10-16_14-28-02_print--trimmed--(2020-01-15--14:30:18).jpg"
"Haplochromis nyererei","https://pipeline-museumapp.naturalis.nl/iucn_maps/Haplochromis_nyererei_2019-10-16_14-28-06_print--trimmed--(2020-01-15--14:30:18).jpg"
"Heliopora coerulea","https://pipeline-museumapp.naturalis.nl/iucn_maps/Heliopora_coerulea_2019-10-16_14-28-15_print--trimmed--(2020-01-15--14:30:18).jpg"
"Helix pomatia","https://pipeline-museumapp.naturalis.nl/iucn_maps/Helix_pomatia_2019-10-16_14-28-19_print--trimmed--(2020-01-15--14:30:18).jpg"
"Helogale parvula","https://pipeline-museumapp.naturalis.nl/iucn_maps/Helogale_parvula_2019-10-16_14-28-24_print--trimmed--(2020-01-15--14:30:18).jpg"
"Hemicentetes semispinosus","https://pipeline-museumapp.naturalis.nl/iucn_maps/Hemicentetes_semispinosus_2019-10-16_14-28-28_print--trimmed--(2020-01-15--14:30:18).jpg"
"Hemiechinus auritus","https://pipeline-museumapp.naturalis.nl/iucn_maps/Hemiechinus_auritus_2019-10-16_14-28-32_print--trimmed--(2020-01-15--14:30:18).jpg"
"Hemiprocne comata","https://pipeline-museumapp.naturalis.nl/iucn_maps/Hemiprocne_comata_2019-10-16_14-28-38_print--trimmed--(2020-01-15--14:30:18).jpg"
"Hemitragus jemlahicus","https://pipeline-museumapp.naturalis.nl/iucn_maps/Hemitragus_jemlahicus_2019-10-16_14-28-44_print--trimmed--(2020-01-15--14:30:18).jpg"
"Heterocephalus glaber","https://pipeline-museumapp.naturalis.nl/iucn_maps/Heterocephalus_glaber_2019-10-16_14-28-49_print--trimmed--(2020-01-15--14:30:18).jpg"
"Heterodontus francisci","https://pipeline-museumapp.naturalis.nl/iucn_maps/Heterodontus_francisci_2019-10-16_14-28-52_print--trimmed--(2020-01-15--14:30:18).jpg"
"Hippolais icterina","https://pipeline-museumapp.naturalis.nl/iucn_maps/Hippolais_icterina_2019-10-16_14-28-57_print--trimmed--(2020-01-15--14:30:18).jpg"
"Hippopotamus amphibius","https://pipeline-museumapp.naturalis.nl/iucn_maps/Hippopotamus_amphibius_2019-10-16_14-29-02_print--trimmed--(2020-01-15--14:30:18).jpg"
"Hirundo rustica","https://pipeline-museumapp.naturalis.nl/iucn_maps/Hirundo_rustica_2019-10-16_14-29-09_print--trimmed--(2020-01-15--14:30:18).jpg"
"Homarus americanus","https://pipeline-museumapp.naturalis.nl/iucn_maps/Homarus_americanus_2019-10-16_14-29-13_print--trimmed--(2020-01-15--14:30:18).jpg"
"Hyaena hyaena","https://pipeline-museumapp.naturalis.nl/iucn_maps/Hyaena_hyaena_2019-10-16_14-29-20_print--trimmed--(2020-01-15--14:30:18).jpg"
"Hydrochoerus hydrochaeris","https://pipeline-museumapp.naturalis.nl/iucn_maps/Hydrochoerus_hydrochaeris_2019-10-16_14-29-24_print--trimmed--(2020-01-15--14:30:18).jpg"
"Hylobates lar","https://pipeline-museumapp.naturalis.nl/iucn_maps/Hylobates_lar_2019-10-16_14-29-28_print--trimmed--(2020-01-15--14:30:18).jpg"
"Hylobates moloch","https://pipeline-museumapp.naturalis.nl/iucn_maps/Hylobates_moloch_2019-10-16_14-29-33_print--trimmed--(2020-01-15--14:30:18).jpg"
"Hylobates muelleri","https://pipeline-museumapp.naturalis.nl/iucn_maps/Hylobates_muelleri_2019-10-16_14-29-36_print--trimmed--(2020-01-15--14:30:18).jpg"
"Hylopetes sagitta","https://pipeline-museumapp.naturalis.nl/iucn_maps/Hylopetes_sagitta_2019-10-16_14-29-41_print--trimmed--(2020-01-15--14:30:18).jpg"
"Hyperoodon ampullatus","https://pipeline-museumapp.naturalis.nl/iucn_maps/Hyperoodon_ampullatus_2019-10-16_14-29-45_print--trimmed--(2020-01-15--14:30:18).jpg"
"Hypsiboas rosenbergi","https://pipeline-museumapp.naturalis.nl/iucn_maps/Hypsiboas_rosenbergi_2019-10-16_14-29-49_print--trimmed--(2020-01-15--14:30:18).jpg"
"Hystrix cristata","https://pipeline-museumapp.naturalis.nl/iucn_maps/Hystrix_cristata_2019-10-16_14-29-53_print--trimmed--(2020-01-15--14:30:18).jpg"
"Icterus icterus","https://pipeline-museumapp.naturalis.nl/iucn_maps/Icterus_icterus_2019-10-16_14-30-00_print--trimmed--(2020-01-15--14:30:18).jpg"
"Iguana iguana","https://pipeline-museumapp.naturalis.nl/iucn_maps/Iguana_iguana_2019-10-16_14-30-05_print--trimmed--(2020-01-15--14:30:18).jpg"
"Jabiru mycteria","https://pipeline-museumapp.naturalis.nl/iucn_maps/Jabiru_mycteria_2019-10-16_14-30-11_print--trimmed--(2020-01-15--14:30:18).jpg"
"Jacana jacana","https://pipeline-museumapp.naturalis.nl/iucn_maps/Jacana_jacana_2019-10-16_14-30-15_print--trimmed--(2020-01-15--14:30:18).jpg"
"Jaculus orientalis","https://pipeline-museumapp.naturalis.nl/iucn_maps/Jaculus_orientalis_2019-10-16_14-30-22_print--trimmed--(2020-01-15--14:30:18).jpg"
"Juglans nigra","https://pipeline-museumapp.naturalis.nl/iucn_maps/Juglans_nigra_2019-10-16_14-30-26_print--trimmed--(2020-01-15--14:30:18).jpg"
"Kalanchoe daigremontiana","https://pipeline-museumapp.naturalis.nl/iucn_maps/Kalanchoe_daigremontiana_2019-10-16_14-30-38_print--trimmed--(2020-01-15--14:30:18).jpg"
"Kobus ellipsiprymnus","https://pipeline-museumapp.naturalis.nl/iucn_maps/Kobus_ellipsiprymnus_2019-10-16_14-30-44_print--trimmed--(2020-01-15--14:30:18).jpg"
"Lacerta agilis","https://pipeline-museumapp.naturalis.nl/iucn_maps/Lacerta_agilis_2019-10-16_14-30-49_print--trimmed--(2020-01-15--14:30:18).jpg"
"Lacerta viridis","https://pipeline-museumapp.naturalis.nl/iucn_maps/Lacerta_viridis_2019-10-16_14-30-53_print--trimmed--(2020-01-15--14:30:18).jpg"
"Lagenorhynchus acutus","https://pipeline-museumapp.naturalis.nl/iucn_maps/Lagenorhynchus_acutus_2019-10-16_14-30-57_print--trimmed--(2020-01-15--14:30:18).jpg"
"Lagenorhynchus albirostris","https://pipeline-museumapp.naturalis.nl/iucn_maps/Lagenorhynchus_albirostris_2019-10-16_14-31-02_print--trimmed--(2020-01-15--14:30:18).jpg"
"Lagostomus maximus","https://pipeline-museumapp.naturalis.nl/iucn_maps/Lagostomus_maximus_2019-10-16_14-31-09_print--trimmed--(2020-01-15--14:30:18).jpg"
"Lagothrix lagothricha","https://pipeline-museumapp.naturalis.nl/iucn_maps/Lagothrix_lagothricha_2019-10-16_14-31-13_print--trimmed--(2020-01-15--14:30:18).jpg"
"Lampris guttatus","https://pipeline-museumapp.naturalis.nl/iucn_maps/Lampris_guttatus_2019-10-16_14-31-25_print--trimmed--(2020-01-15--14:30:18).jpg"
"Lamprotornis chalcurus","https://pipeline-museumapp.naturalis.nl/iucn_maps/Lamprotornis_chalcurus_2019-10-16_14-31-29_print--trimmed--(2020-01-15--14:30:18).jpg"
"Lamprotornis superbus","https://pipeline-museumapp.naturalis.nl/iucn_maps/Lamprotornis_superbus_2019-10-16_14-31-34_print--trimmed--(2020-01-15--14:30:18).jpg"
"Larix decidua","https://pipeline-museumapp.naturalis.nl/iucn_maps/Larix_decidua_2019-10-16_14-31-38_print--trimmed--(2020-01-15--14:30:18).jpg"
"Larosterna inca","https://pipeline-museumapp.naturalis.nl/iucn_maps/Larosterna_inca_2019-10-16_14-31-42_print--trimmed--(2020-01-15--14:30:18).jpg"
"Larus argentatus","https://pipeline-museumapp.naturalis.nl/iucn_maps/Larus_argentatus_2019-10-16_14-31-46_print--trimmed--(2020-01-15--14:30:18).jpg"
"Larus canus","https://pipeline-museumapp.naturalis.nl/iucn_maps/Larus_canus_2019-10-16_14-31-51_print--trimmed--(2020-01-15--14:30:18).jpg"
"Larus fuscus","https://pipeline-museumapp.naturalis.nl/iucn_maps/Larus_fuscus_2019-10-16_14-31-55_print--trimmed--(2020-01-15--14:30:18).jpg"
"Larus marinus","https://pipeline-museumapp.naturalis.nl/iucn_maps/Larus_marinus_2019-10-16_14-31-59_print--trimmed--(2020-01-15--14:30:18).jpg"
"Larus ridibundus","https://pipeline-museumapp.naturalis.nl/iucn_maps/Larus_ridibundus_2019-10-16_13-46-49_print--trimmed--(2020-01-15--14:30:18).jpg"
"Leiothrix lutea","https://pipeline-museumapp.naturalis.nl/iucn_maps/Leiothrix_lutea_2019-10-16_14-32-05_print--trimmed--(2020-01-15--14:30:18).jpg"
"Lemniscomys barbarus","https://pipeline-museumapp.naturalis.nl/iucn_maps/Lemniscomys_barbarus_2019-10-16_14-32-10_print--trimmed--(2020-01-15--14:30:18).jpg"
"Lemur catta","https://pipeline-museumapp.naturalis.nl/iucn_maps/Lemur_catta_2019-10-16_14-32-14_print--trimmed--(2020-01-15--14:30:18).jpg"
"Leontopithecus rosalia","https://pipeline-museumapp.naturalis.nl/iucn_maps/Leontopithecus_rosalia_2019-10-16_14-32-18_print--trimmed--(2020-01-15--14:30:18).jpg"
"Leopardus tigrinus","https://pipeline-museumapp.naturalis.nl/iucn_maps/Leopardus_tigrinus_2019-10-16_14-32-22_print--trimmed--(2020-01-15--14:30:18).jpg"
"Leptonycteris nivalis","https://pipeline-museumapp.naturalis.nl/iucn_maps/Leptonycteris_nivalis_2019-10-16_14-32-27_print--trimmed--(2020-01-15--14:30:18).jpg"
"Lepus europaeus","https://pipeline-museumapp.naturalis.nl/iucn_maps/Lepus_europaeus_2019-10-16_14-32-32_print--trimmed--(2020-01-15--14:30:18).jpg"
"Limax maximus","https://pipeline-museumapp.naturalis.nl/iucn_maps/Limax_maximus_2019-10-16_14-32-41_print--trimmed--(2020-01-15--14:30:18).jpg"
"Lissotriton vulgaris","https://pipeline-museumapp.naturalis.nl/iucn_maps/Lissotriton_vulgaris_2019-10-16_14-32-48_print--trimmed--(2020-01-15--14:30:18).jpg"
"Lithobates catesbeianus","https://pipeline-museumapp.naturalis.nl/iucn_maps/Lithobates_catesbeianus_2019-10-16_14-32-54_print--trimmed--(2020-01-15--14:30:18).jpg"
"Lodoicea maldivica","https://pipeline-museumapp.naturalis.nl/iucn_maps/Lodoicea_maldivica_2019-10-16_14-32-58_print--trimmed--(2020-01-15--14:30:18).jpg"
"Lophophorus impejanus","https://pipeline-museumapp.naturalis.nl/iucn_maps/Lophophorus_impejanus_2019-10-16_14-33-08_print--trimmed--(2020-01-15--14:30:18).jpg"
"Lorius garrulus","https://pipeline-museumapp.naturalis.nl/iucn_maps/Lorius_garrulus_2019-10-16_14-33-13_print--trimmed--(2020-01-15--14:30:18).jpg"
"Loxia curvirostra","https://pipeline-museumapp.naturalis.nl/iucn_maps/Loxia_curvirostra_2019-10-16_14-33-35_print--trimmed--(2020-01-15--14:30:18).jpg"
"Loxia pytyopsittacus","https://pipeline-museumapp.naturalis.nl/iucn_maps/Loxia_pytyopsittacus_2019-10-16_14-33-41_print--trimmed--(2020-01-15--14:30:18).jpg"
"Loxodonta africana","https://pipeline-museumapp.naturalis.nl/iucn_maps/Loxodonta_africana_2019-10-16_14-33-48_print--trimmed--(2020-01-15--14:30:18).jpg"
"Lullula arborea","https://pipeline-museumapp.naturalis.nl/iucn_maps/Lullula_arborea_2019-10-16_14-34-01_print--trimmed--(2020-01-15--14:30:18).jpg"
"Luscinia megarhynchos","https://pipeline-museumapp.naturalis.nl/iucn_maps/Luscinia_megarhynchos_2019-10-16_14-34-06_print--trimmed--(2020-01-15--14:30:18).jpg"
"Lutjanus argentimaculatus","https://pipeline-museumapp.naturalis.nl/iucn_maps/Lutjanus_argentimaculatus_2019-10-16_14-34-10_print--trimmed--(2020-01-15--14:30:18).jpg"
"Lutra lutra","https://pipeline-museumapp.naturalis.nl/iucn_maps/Lutra_lutra_2019-10-16_14-34-14_print--trimmed--(2020-01-15--14:30:18).jpg"
"Lycaon pictus","https://pipeline-museumapp.naturalis.nl/iucn_maps/Lycaon_pictus_2019-10-16_14-34-18_print--trimmed--(2020-01-15--14:30:18).jpg"
"Lynx lynx","https://pipeline-museumapp.naturalis.nl/iucn_maps/Lynx_lynx_2019-10-16_14-34-22_print--trimmed--(2020-01-15--14:30:18).jpg"
"Lyrurus tetrix","https://pipeline-museumapp.naturalis.nl/iucn_maps/Lyrurus_tetrix_2019-10-16_14-34-26_print--trimmed--(2020-01-15--14:30:18).jpg"
"Macaca fascicularis","https://pipeline-museumapp.naturalis.nl/iucn_maps/Macaca_fascicularis_2019-10-16_14-34-31_print--trimmed--(2020-01-15--14:30:18).jpg"
"Macaca fuscata","https://pipeline-museumapp.naturalis.nl/iucn_maps/Macaca_fuscata_2019-10-16_14-34-35_print--trimmed--(2020-01-15--14:30:18).jpg"
"Macaca sylvanus","https://pipeline-museumapp.naturalis.nl/iucn_maps/Macaca_sylvanus_2019-10-16_14-34-39_print--trimmed--(2020-01-15--14:30:18).jpg"
"Macropodus opercularis","https://pipeline-museumapp.naturalis.nl/iucn_maps/Macropodus_opercularis_2019-10-16_14-34-43_print--trimmed--(2020-01-15--14:30:18).jpg"
"Macropus rufogriseus","https://pipeline-museumapp.naturalis.nl/iucn_maps/Macropus_rufogriseus_2019-10-16_14-34-47_print--trimmed--(2020-01-15--14:30:18).jpg"
"Macropus rufus","https://pipeline-museumapp.naturalis.nl/iucn_maps/Macropus_rufus_2019-10-16_14-34-51_print--trimmed--(2020-01-15--14:30:18).jpg"
"Macroscelides proboscideus","https://pipeline-museumapp.naturalis.nl/iucn_maps/Macroscelides_proboscideus_2019-10-16_14-34-56_print--trimmed--(2020-01-15--14:30:18).jpg"
"Madoqua kirkii","https://pipeline-museumapp.naturalis.nl/iucn_maps/Madoqua_kirkii_2019-10-16_14-35-00_print--trimmed--(2020-01-15--14:30:18).jpg"
"Mandrillus leucophaeus","https://pipeline-museumapp.naturalis.nl/iucn_maps/Mandrillus_leucophaeus_2019-10-16_14-35-07_print--trimmed--(2020-01-15--14:30:18).jpg"
"Mandrillus sphinx","https://pipeline-museumapp.naturalis.nl/iucn_maps/Mandrillus_sphinx_2019-10-16_14-35-11_print--trimmed--(2020-01-15--14:30:18).jpg"
"Manis javanica","https://pipeline-museumapp.naturalis.nl/iucn_maps/Manis_javanica_2019-10-16_14-35-15_print--trimmed--(2020-01-15--14:30:18).jpg"
"Marmota marmota","https://pipeline-museumapp.naturalis.nl/iucn_maps/Marmota_marmota_2019-10-16_14-35-22_print--trimmed--(2020-01-15--14:30:18).jpg"
"Martes foina","https://pipeline-museumapp.naturalis.nl/iucn_maps/Martes_foina_2019-10-16_14-35-26_print--trimmed--(2020-01-15--14:30:18).jpg"
"Mecistops cataphractus","https://pipeline-museumapp.naturalis.nl/iucn_maps/Mecistops_cataphractus_2019-10-16_14-35-33_print--trimmed--(2020-01-15--14:30:18).jpg"
"Megaceryle torquata","https://pipeline-museumapp.naturalis.nl/iucn_maps/Megaceryle_torquata_2019-10-16_14-35-37_print--trimmed--(2020-01-15--14:30:18).jpg"
"Meles meles","https://pipeline-museumapp.naturalis.nl/iucn_maps/Meles_meles_2019-10-16_14-35-42_print--trimmed--(2020-01-15--14:30:18).jpg"
"Menura novaehollandiae","https://pipeline-museumapp.naturalis.nl/iucn_maps/Menura_novaehollandiae_2019-10-16_14-35-46_print--trimmed--(2020-01-15--14:30:18).jpg"
"Mephitis mephitis","https://pipeline-museumapp.naturalis.nl/iucn_maps/Mephitis_mephitis_2019-10-16_14-35-50_print--trimmed--(2020-01-15--14:30:18).jpg"
"Mergus merganser","https://pipeline-museumapp.naturalis.nl/iucn_maps/Mergus_merganser_2019-10-16_14-35-55_print--trimmed--(2020-01-15--14:30:18).jpg"
"Merlangius merlangus","https://pipeline-museumapp.naturalis.nl/iucn_maps/Merlangius_merlangus_2019-10-16_14-36-00_print--trimmed--(2020-01-15--14:30:18).jpg"
"Merops albicollis","https://pipeline-museumapp.naturalis.nl/iucn_maps/Merops_albicollis_2019-10-16_14-36-04_print--trimmed--(2020-01-15--14:30:18).jpg"
"Merops apiaster","https://pipeline-museumapp.naturalis.nl/iucn_maps/Merops_apiaster_2019-10-16_14-36-09_print--trimmed--(2020-01-15--14:30:18).jpg"
"Merops nubicus","https://pipeline-museumapp.naturalis.nl/iucn_maps/Merops_nubicus_2019-10-16_14-36-13_print--trimmed--(2020-01-15--14:30:18).jpg"
"Mesocricetus auratus","https://pipeline-museumapp.naturalis.nl/iucn_maps/Mesocricetus_auratus_2019-10-16_15-00-00_print--trimmed--(2020-01-15--14:30:18).jpg"
"Micromys minutus","https://pipeline-museumapp.naturalis.nl/iucn_maps/Micromys_minutus_2019-10-16_14-36-19_print--trimmed--(2020-01-15--14:30:18).jpg"
"Microtus agrestis","https://pipeline-museumapp.naturalis.nl/iucn_maps/Microtus_agrestis_2019-10-16_15-00-04_print--trimmed--(2020-01-15--14:30:18).jpg"
"Microtus arvalis","https://pipeline-museumapp.naturalis.nl/iucn_maps/Microtus_arvalis_2019-10-16_15-00-11_print--trimmed--(2020-01-15--14:30:18).jpg"
"Microtus oeconomus","https://pipeline-museumapp.naturalis.nl/iucn_maps/Microtus_oeconomus_2019-10-16_14-36-24_print--trimmed--(2020-01-15--14:30:18).jpg"
"Millepora complanata","https://pipeline-museumapp.naturalis.nl/iucn_maps/Millepora_complanata_2019-10-16_14-36-28_print--trimmed--(2020-01-15--14:30:18).jpg"
"Millepora tenera","https://pipeline-museumapp.naturalis.nl/iucn_maps/Millepora_tenera_2019-10-16_14-36-32_print--trimmed--(2020-01-15--14:30:18).jpg"
"Mola mola","https://pipeline-museumapp.naturalis.nl/iucn_maps/Mola_mola_2019-10-16_14-36-42_print--trimmed--(2020-01-15--14:30:18).jpg"
"Momotus momota","https://pipeline-museumapp.naturalis.nl/iucn_maps/Momotus_momota_2019-10-16_14-36-47_print--trimmed--(2020-01-15--14:30:18).jpg"
"Morus bassanus","https://pipeline-museumapp.naturalis.nl/iucn_maps/Morus_bassanus_2019-10-16_14-36-51_print--trimmed--(2020-01-15--14:30:18).jpg"
"Motacilla alba","https://pipeline-museumapp.naturalis.nl/iucn_maps/Motacilla_alba_2019-10-16_14-36-55_print--trimmed--(2020-01-15--14:30:18).jpg"
"Muntiacus muntjak","https://pipeline-museumapp.naturalis.nl/iucn_maps/Muntiacus_muntjak_2019-10-16_14-37-00_print--trimmed--(2020-01-15--14:30:18).jpg"
"Muntiacus reevesi","https://pipeline-museumapp.naturalis.nl/iucn_maps/Muntiacus_reevesi_2019-10-16_14-37-05_print--trimmed--(2020-01-15--14:30:18).jpg"
"Muraena helena","https://pipeline-museumapp.naturalis.nl/iucn_maps/Muraena_helena_2019-10-16_14-37-09_print--trimmed--(2020-01-15--14:30:18).jpg"
"Muscicapa striata","https://pipeline-museumapp.naturalis.nl/iucn_maps/Muscicapa_striata_2019-10-16_14-37-17_print--trimmed--(2020-01-15--14:30:18).jpg"
"Mus musculus","https://pipeline-museumapp.naturalis.nl/iucn_maps/Mus_musculus_2019-10-16_14-37-13_print--trimmed--(2020-01-15--14:30:18).jpg"
"Mustela erminea","https://pipeline-museumapp.naturalis.nl/iucn_maps/Mustela_erminea_2019-10-16_14-37-22_print--trimmed--(2020-01-15--14:30:18).jpg"
"Mustela lutreola","https://pipeline-museumapp.naturalis.nl/iucn_maps/Mustela_lutreola_2019-10-16_14-37-26_print--trimmed--(2020-01-15--14:30:18).jpg"
"Mustela putorius","https://pipeline-museumapp.naturalis.nl/iucn_maps/Mustela_putorius_2019-10-16_14-37-30_print--trimmed--(2020-01-15--14:30:18).jpg"
"Mycteria ibis","https://pipeline-museumapp.naturalis.nl/iucn_maps/Mycteria_ibis_2019-10-16_14-37-35_print--trimmed--(2020-01-15--14:30:18).jpg"
"Myodes glareolus","https://pipeline-museumapp.naturalis.nl/iucn_maps/Myodes_glareolus_2019-10-16_14-37-39_print--trimmed--(2020-01-15--14:30:18).jpg"
"Myodes rufocanus","https://pipeline-museumapp.naturalis.nl/iucn_maps/Myodes_rufocanus_2019-10-16_14-37-43_print--trimmed--(2020-01-15--14:30:18).jpg"
"Myodes rutilus","https://pipeline-museumapp.naturalis.nl/iucn_maps/Myodes_rutilus_2019-10-16_14-37-47_print--trimmed--(2020-01-15--14:30:18).jpg"
"Myopus schisticolor","https://pipeline-museumapp.naturalis.nl/iucn_maps/Myopus_schisticolor_2019-10-16_14-37-51_print--trimmed--(2020-01-15--14:30:18).jpg"
"Myripristis murdjan","https://pipeline-museumapp.naturalis.nl/iucn_maps/Myripristis_murdjan_2019-10-16_14-37-55_print--trimmed--(2020-01-15--14:30:18).jpg"
"Myrmecophaga tridactyla","https://pipeline-museumapp.naturalis.nl/iucn_maps/Myrmecophaga_tridactyla_2019-10-16_14-38-00_print--trimmed--(2020-01-15--14:30:18).jpg"
"Nasalis larvatus","https://pipeline-museumapp.naturalis.nl/iucn_maps/Nasalis_larvatus_2019-10-16_14-38-04_print--trimmed--(2020-01-15--14:30:18).jpg"
"Nasua narica","https://pipeline-museumapp.naturalis.nl/iucn_maps/Nasua_narica_2019-10-16_14-38-09_print--trimmed--(2020-01-15--14:30:18).jpg"
"Nelusetta ayraud","https://pipeline-museumapp.naturalis.nl/iucn_maps/Nelusetta_ayraud_2019-10-16_14-38-13_print--trimmed--(2020-01-15--14:30:18).jpg"
"Neofelis nebulosa","https://pipeline-museumapp.naturalis.nl/iucn_maps/Neofelis_nebulosa_2019-10-16_14-38-17_print--trimmed--(2020-01-15--14:30:18).jpg"
"Neomys fodiens","https://pipeline-museumapp.naturalis.nl/iucn_maps/Neomys_fodiens_2019-10-16_15-00-21_print--trimmed--(2020-01-15--14:30:18).jpg"
"Neopsephotus bourkii","https://pipeline-museumapp.naturalis.nl/iucn_maps/Neopsephotus_bourkii_2019-10-16_14-38-21_print--trimmed--(2020-01-15--14:30:18).jpg"
"Nestor notabilis","https://pipeline-museumapp.naturalis.nl/iucn_maps/Nestor_notabilis_2019-10-16_14-38-29_print--trimmed--(2020-01-15--14:30:18).jpg"
"Nothoprocta ornata","https://pipeline-museumapp.naturalis.nl/iucn_maps/Nothoprocta_ornata_2019-10-16_14-38-34_print--trimmed--(2020-01-15--14:30:18).jpg"
"Numenius arquata","https://pipeline-museumapp.naturalis.nl/iucn_maps/Numenius_arquata_2019-10-16_14-38-38_print--trimmed--(2020-01-15--14:30:18).jpg"
"Numida meleagris","https://pipeline-museumapp.naturalis.nl/iucn_maps/Numida_meleagris_2019-10-16_14-38-42_print--trimmed--(2020-01-15--14:30:18).jpg"
"Nyctereutes procyonoides","https://pipeline-museumapp.naturalis.nl/iucn_maps/Nyctereutes_procyonoides_2019-10-16_14-38-46_print--trimmed--(2020-01-15--14:30:18).jpg"
"Nycticebus coucang","https://pipeline-museumapp.naturalis.nl/iucn_maps/Nycticebus_coucang_2019-10-16_14-38-51_print--trimmed--(2020-01-15--14:30:18).jpg"
"Nycticorax nycticorax","https://pipeline-museumapp.naturalis.nl/iucn_maps/Nycticorax_nycticorax_2019-10-16_14-38-59_print--trimmed--(2020-01-15--14:30:18).jpg"
"Ochotona pusilla","https://pipeline-museumapp.naturalis.nl/iucn_maps/Ochotona_pusilla_2019-10-16_14-39-03_print--trimmed--(2020-01-15--14:30:18).jpg"
"Odobenus rosmarus","https://pipeline-museumapp.naturalis.nl/iucn_maps/Odobenus_rosmarus_2019-10-16_14-39-08_print--trimmed--(2020-01-15--14:30:18).jpg"
"Okapia johnstoni","https://pipeline-museumapp.naturalis.nl/iucn_maps/Okapia_johnstoni_2019-10-16_14-39-12_print--trimmed--(2020-01-15--14:30:18).jpg"
"Ondatra zibethicus","https://pipeline-museumapp.naturalis.nl/iucn_maps/Ondatra_zibethicus_2019-10-16_14-39-16_print--trimmed--(2020-01-15--14:30:18).jpg"
"Oophaga lehmanni","https://pipeline-museumapp.naturalis.nl/iucn_maps/Oophaga_lehmanni_2019-10-16_14-39-20_print--trimmed--(2020-01-15--14:30:18).jpg"
"Orcinus orca","https://pipeline-museumapp.naturalis.nl/iucn_maps/Orcinus_orca_2019-10-16_14-39-31_print--trimmed--(2020-01-15--14:30:18).jpg"
"Oriolus oriolus","https://pipeline-museumapp.naturalis.nl/iucn_maps/Oriolus_oriolus_2019-10-16_14-39-35_print--trimmed--(2020-01-15--14:30:18).jpg"
"Ornithorhynchus anatinus","https://pipeline-museumapp.naturalis.nl/iucn_maps/Ornithorhynchus_anatinus_2019-10-16_14-39-39_print--trimmed--(2020-01-15--14:30:18).jpg"
"Orthotomus sepium","https://pipeline-museumapp.naturalis.nl/iucn_maps/Orthotomus_sepium_2019-10-16_14-39-46_print--trimmed--(2020-01-15--14:30:18).jpg"
"Orycteropus afer","https://pipeline-museumapp.naturalis.nl/iucn_maps/Orycteropus_afer_2019-10-16_14-39-50_print--trimmed--(2020-01-15--14:30:18).jpg"
"Oryctolagus cuniculus","https://pipeline-museumapp.naturalis.nl/iucn_maps/Oryctolagus_cuniculus_2019-10-16_14-39-54_print--trimmed--(2020-01-15--14:30:18).jpg"
"Otocyon megalotis","https://pipeline-museumapp.naturalis.nl/iucn_maps/Otocyon_megalotis_2019-10-16_14-39-58_print--trimmed--(2020-01-15--14:30:18).jpg"
"Otolemur crassicaudatus","https://pipeline-museumapp.naturalis.nl/iucn_maps/Otolemur_crassicaudatus_2019-10-16_14-40-03_print--trimmed--(2020-01-15--14:30:18).jpg"
"Otus scops","https://pipeline-museumapp.naturalis.nl/iucn_maps/Otus_scops_2019-10-16_14-40-07_print--trimmed--(2020-01-15--14:30:18).jpg"
"Ovibos moschatus","https://pipeline-museumapp.naturalis.nl/iucn_maps/Ovibos_moschatus_2019-10-16_14-40-11_print--trimmed--(2020-01-15--14:30:18).jpg"
"Pagophilus groenlandicus","https://pipeline-museumapp.naturalis.nl/iucn_maps/Pagophilus_groenlandicus_2019-10-16_14-40-20_print--trimmed--(2020-01-15--14:30:18).jpg"
"Pandion haliaetus","https://pipeline-museumapp.naturalis.nl/iucn_maps/Pandion_haliaetus_2019-10-16_14-40-37_print--trimmed--(2020-01-15--14:30:18).jpg"
"Pan paniscus","https://pipeline-museumapp.naturalis.nl/iucn_maps/Pan_paniscus_2019-10-16_14-40-24_print--trimmed--(2020-01-15--14:30:18).jpg"
"Panthera leo","https://pipeline-museumapp.naturalis.nl/iucn_maps/Panthera_leo_2019-10-16_14-40-41_print--trimmed--(2020-01-15--14:30:18).jpg"
"Panthera onca","https://pipeline-museumapp.naturalis.nl/iucn_maps/Panthera_onca_2019-10-16_14-40-47_print--trimmed--(2020-01-15--14:30:18).jpg"
"Panthera pardus","https://pipeline-museumapp.naturalis.nl/iucn_maps/Panthera_pardus_2019-10-16_14-40-51_print--trimmed--(2020-01-15--14:30:18).jpg"
"Panthera tigris","https://pipeline-museumapp.naturalis.nl/iucn_maps/Panthera_tigris_2019-10-16_14-40-56_print--trimmed--(2020-01-15--14:30:18).jpg"
"Panthera uncia","https://pipeline-museumapp.naturalis.nl/iucn_maps/Panthera_uncia_2019-10-16_14-41-00_print--trimmed--(2020-01-15--14:30:18).jpg"
"Pan troglodytes","https://pipeline-museumapp.naturalis.nl/iucn_maps/Pan_troglodytes_2019-10-16_14-40-29_print--trimmed--(2020-01-15--14:30:18).jpg"
"Panulirus echinatus","https://pipeline-museumapp.naturalis.nl/iucn_maps/Panulirus_echinatus_2019-10-16_14-41-06_print--trimmed--(2020-01-15--14:30:18).jpg"
"Papio cynocephalus","https://pipeline-museumapp.naturalis.nl/iucn_maps/Papio_cynocephalus_2019-10-16_14-41-19_print--trimmed--(2020-01-15--14:30:18).jpg"
"Papio hamadryas","https://pipeline-museumapp.naturalis.nl/iucn_maps/Papio_hamadryas_2019-10-16_14-41-23_print--trimmed--(2020-01-15--14:30:18).jpg"
"Parabuteo unicinctus","https://pipeline-museumapp.naturalis.nl/iucn_maps/Parabuteo_unicinctus_2019-10-16_14-41-27_print--trimmed--(2020-01-15--14:30:18).jpg"
"Paradisaea apoda","https://pipeline-museumapp.naturalis.nl/iucn_maps/Paradisaea_apoda_2019-10-16_14-41-31_print--trimmed--(2020-01-15--14:30:18).jpg"
"Paradisaea minor","https://pipeline-museumapp.naturalis.nl/iucn_maps/Paradisaea_minor_2019-10-16_14-41-35_print--trimmed--(2020-01-15--14:30:18).jpg"
"Paradisaea rubra","https://pipeline-museumapp.naturalis.nl/iucn_maps/Paradisaea_rubra_2019-10-16_14-41-40_print--trimmed--(2020-01-15--14:30:18).jpg"
"Parotia sefilata","https://pipeline-museumapp.naturalis.nl/iucn_maps/Parotia_sefilata_2019-10-16_14-41-51_print--trimmed--(2020-01-15--14:30:18).jpg"
"Parupeneus cyclostomus","https://pipeline-museumapp.naturalis.nl/iucn_maps/Parupeneus_cyclostomus_2019-10-16_14-41-55_print--trimmed--(2020-01-15--14:30:18).jpg"
"Parus major","https://pipeline-museumapp.naturalis.nl/iucn_maps/Parus_major_2019-10-16_14-42-00_print--trimmed--(2020-01-15--14:30:18).jpg"
"Passer domesticus","https://pipeline-museumapp.naturalis.nl/iucn_maps/Passer_domesticus_2019-10-16_14-42-04_print--trimmed--(2020-01-15--14:30:18).jpg"
"Pavo cristatus","https://pipeline-museumapp.naturalis.nl/iucn_maps/Pavo_cristatus_2019-10-16_14-42-08_print--trimmed--(2020-01-15--14:30:18).jpg"
"Pedetes capensis","https://pipeline-museumapp.naturalis.nl/iucn_maps/Pedetes_capensis_2019-10-16_14-42-12_print--trimmed--(2020-01-15--14:30:18).jpg"
"Pelecanus onocrotalus","https://pipeline-museumapp.naturalis.nl/iucn_maps/Pelecanus_onocrotalus_2019-10-16_14-42-17_print--trimmed--(2020-01-15--14:30:18).jpg"
"Pelecanus rufescens","https://pipeline-museumapp.naturalis.nl/iucn_maps/Pelecanus_rufescens_2019-10-16_14-42-23_print--trimmed--(2020-01-15--14:30:18).jpg"
"Perdix perdix","https://pipeline-museumapp.naturalis.nl/iucn_maps/Perdix_perdix_2019-10-16_14-42-32_print--trimmed--(2020-01-15--14:30:18).jpg"
"Periophthalmus argentilineatus","https://pipeline-museumapp.naturalis.nl/iucn_maps/Periophthalmus_argentilineatus_2019-10-16_14-42-37_print--trimmed--(2020-01-15--14:30:18).jpg"
"Petaurus breviceps","https://pipeline-museumapp.naturalis.nl/iucn_maps/Petaurus_breviceps_2019-10-16_14-42-43_print--trimmed--(2020-01-15--14:30:18).jpg"
"Petinomys hageni","https://pipeline-museumapp.naturalis.nl/iucn_maps/Petinomys_hageni_2019-10-16_14-42-47_print--trimmed--(2020-01-15--14:30:18).jpg"
"Petromyzon marinus","https://pipeline-museumapp.naturalis.nl/iucn_maps/Petromyzon_marinus_2019-10-16_14-42-53_print--trimmed--(2020-01-15--14:30:18).jpg"
"Phaethon lepturus","https://pipeline-museumapp.naturalis.nl/iucn_maps/Phaethon_lepturus_2019-10-16_14-42-58_print--trimmed--(2020-01-15--14:30:18).jpg"
"Phalacrocorax carbo","https://pipeline-museumapp.naturalis.nl/iucn_maps/Phalacrocorax_carbo_2019-10-16_14-43-03_print--trimmed--(2020-01-15--14:30:18).jpg"
"Pharomachrus mocinno","https://pipeline-museumapp.naturalis.nl/iucn_maps/Pharomachrus_mocinno_2019-10-16_14-43-07_print--trimmed--(2020-01-15--14:30:18).jpg"
"Phascolarctos cinereus","https://pipeline-museumapp.naturalis.nl/iucn_maps/Phascolarctos_cinereus_2019-10-16_14-43-13_print--trimmed--(2020-01-15--14:30:18).jpg"
"Phasianus colchicus","https://pipeline-museumapp.naturalis.nl/iucn_maps/Phasianus_colchicus_2019-10-16_14-43-18_print--trimmed--(2020-01-15--14:30:18).jpg"
"Philantomba monticola","https://pipeline-museumapp.naturalis.nl/iucn_maps/Philantomba_monticola_2019-10-16_14-43-23_print--trimmed--(2020-01-15--14:30:18).jpg"
"Phoca vitulina","https://pipeline-museumapp.naturalis.nl/iucn_maps/Phoca_vitulina_2019-10-16_14-43-28_print--trimmed--(2020-01-15--14:30:18).jpg"
"Phocoena phocoena","https://pipeline-museumapp.naturalis.nl/iucn_maps/Phocoena_phocoena_2019-10-16_14-43-36_print--trimmed--(2020-01-15--14:30:18).jpg"
"Phoeniconaias minor","https://pipeline-museumapp.naturalis.nl/iucn_maps/Phoeniconaias_minor_2019-10-16_14-43-46_print--trimmed--(2020-01-15--14:30:18).jpg"
"Phoenicopterus chilensis","https://pipeline-museumapp.naturalis.nl/iucn_maps/Phoenicopterus_chilensis_2019-10-16_14-43-50_print--trimmed--(2020-01-15--14:30:18).jpg"
"Phoenicopterus roseus","https://pipeline-museumapp.naturalis.nl/iucn_maps/Phoenicopterus_roseus_2019-10-16_14-43-56_print--trimmed--(2020-01-15--14:30:18).jpg"
"Phoenicopterus ruber","https://pipeline-museumapp.naturalis.nl/iucn_maps/Phoenicopterus_ruber_2019-10-16_14-44-01_print--trimmed--(2020-01-15--14:30:18).jpg"
"Phoenicurus phoenicurus","https://pipeline-museumapp.naturalis.nl/iucn_maps/Phoenicurus_phoenicurus_2019-10-16_14-44-10_print--trimmed--(2020-01-15--14:30:18).jpg"
"Phrynosoma platyrhinos","https://pipeline-museumapp.naturalis.nl/iucn_maps/Phrynosoma_platyrhinos_2019-10-16_14-44-21_print--trimmed--(2020-01-15--14:30:18).jpg"
"Phyllomedusa bicolor","https://pipeline-museumapp.naturalis.nl/iucn_maps/Phyllomedusa_bicolor_2019-10-16_14-44-32_print--trimmed--(2020-01-15--14:30:18).jpg"
"Physeter macrocephalus","https://pipeline-museumapp.naturalis.nl/iucn_maps/Physeter_macrocephalus_2019-10-16_14-44-37_print--trimmed--(2020-01-15--14:30:18).jpg"
"Pica pica","https://pipeline-museumapp.naturalis.nl/iucn_maps/Pica_pica_2019-10-16_14-44-55_print--trimmed--(2020-01-15--14:30:18).jpg"
"Picus viridis","https://pipeline-museumapp.naturalis.nl/iucn_maps/Picus_viridis_2019-10-16_14-45-02_print--trimmed--(2020-01-15--14:30:18).jpg"
"Pipa pipa","https://pipeline-museumapp.naturalis.nl/iucn_maps/Pipa_pipa_2019-10-16_15-00-26_print--trimmed--(2020-01-15--14:30:18).jpg"
"Pipistrellus pipistrellus","https://pipeline-museumapp.naturalis.nl/iucn_maps/Pipistrellus_pipistrellus_2019-10-16_15-00-31_print--trimmed--(2020-01-15--14:30:18).jpg"
"Pitta sordida","https://pipeline-museumapp.naturalis.nl/iucn_maps/Pitta_sordida_2019-10-16_14-45-18_print--trimmed--(2020-01-15--14:30:18).jpg"
"Platalea leucorodia","https://pipeline-museumapp.naturalis.nl/iucn_maps/Platalea_leucorodia_2019-10-16_14-45-23_print--trimmed--(2020-01-15--14:30:18).jpg"
"Platycypha caligata","https://pipeline-museumapp.naturalis.nl/iucn_maps/Platycypha_caligata_2019-10-16_14-45-27_print--trimmed--(2020-01-15--14:30:18).jpg"
"Plecotus auritus","https://pipeline-museumapp.naturalis.nl/iucn_maps/Plecotus_auritus_2019-10-16_14-45-32_print--trimmed--(2020-01-15--14:30:18).jpg"
"Pleuronectes platessa","https://pipeline-museumapp.naturalis.nl/iucn_maps/Pleuronectes_platessa_2019-10-16_14-45-36_print--trimmed--(2020-01-15--14:30:18).jpg"
"Ploceus philippinus","https://pipeline-museumapp.naturalis.nl/iucn_maps/Ploceus_philippinus_2019-10-16_14-45-40_print--trimmed--(2020-01-15--14:30:18).jpg"
"Podargus strigoides","https://pipeline-museumapp.naturalis.nl/iucn_maps/Podargus_strigoides_2019-10-16_14-45-44_print--trimmed--(2020-01-15--14:30:18).jpg"
"Podiceps cristatus","https://pipeline-museumapp.naturalis.nl/iucn_maps/Podiceps_cristatus_2019-10-16_14-45-49_print--trimmed--(2020-01-15--14:30:18).jpg"
"Podiceps nigricollis","https://pipeline-museumapp.naturalis.nl/iucn_maps/Podiceps_nigricollis_2019-10-16_14-45-53_print--trimmed--(2020-01-15--14:30:18).jpg"
"Poecilia formosa","https://pipeline-museumapp.naturalis.nl/iucn_maps/Poecilia_formosa_2019-10-16_14-45-57_print--trimmed--(2020-01-15--14:30:18).jpg"
"Poecilotheria regalis","https://pipeline-museumapp.naturalis.nl/iucn_maps/Poecilotheria_regalis_2019-10-16_14-46-01_print--trimmed--(2020-01-15--14:30:18).jpg"
"Polyplectron bicalcaratum","https://pipeline-museumapp.naturalis.nl/iucn_maps/Polyplectron_bicalcaratum_2019-10-16_14-46-05_print--trimmed--(2020-01-15--14:30:18).jpg"
"Polyplectron napoleonis","https://pipeline-museumapp.naturalis.nl/iucn_maps/Polyplectron_napoleonis_2019-10-16_14-46-10_print--trimmed--(2020-01-15--14:30:18).jpg"
"Polytelis swainsonii","https://pipeline-museumapp.naturalis.nl/iucn_maps/Polytelis_swainsonii_2019-10-16_14-46-14_print--trimmed--(2020-01-15--14:30:18).jpg"
"Pomacanthus imperator","https://pipeline-museumapp.naturalis.nl/iucn_maps/Pomacanthus_imperator_2019-10-16_14-46-19_print--trimmed--(2020-01-15--14:30:18).jpg"
"Pongo abelii","https://pipeline-museumapp.naturalis.nl/iucn_maps/Pongo_abelii_2019-10-16_14-46-23_print--trimmed--(2020-01-15--14:30:18).jpg"
"Pongo pygmaeus","https://pipeline-museumapp.naturalis.nl/iucn_maps/Pongo_pygmaeus_2019-10-16_14-46-28_print--trimmed--(2020-01-15--14:30:18).jpg"
"Porites nigrescens","https://pipeline-museumapp.naturalis.nl/iucn_maps/Porites_nigrescens_2019-10-16_14-46-32_print--trimmed--(2020-01-15--14:30:18).jpg"
"Potamochoerus porcus","https://pipeline-museumapp.naturalis.nl/iucn_maps/Potamochoerus_porcus_2019-10-16_14-46-36_print--trimmed--(2020-01-15--14:30:18).jpg"
"Potorous tridactylus","https://pipeline-museumapp.naturalis.nl/iucn_maps/Potorous_tridactylus_2019-10-16_14-46-41_print--trimmed--(2020-01-15--14:30:18).jpg"
"Priodontes maximus","https://pipeline-museumapp.naturalis.nl/iucn_maps/Priodontes_maximus_2019-10-16_14-46-49_print--trimmed--(2020-01-15--14:30:18).jpg"
"Procavia capensis","https://pipeline-museumapp.naturalis.nl/iucn_maps/Procavia_capensis_2019-10-16_14-46-53_print--trimmed--(2020-01-15--14:30:18).jpg"
"Procyon lotor","https://pipeline-museumapp.naturalis.nl/iucn_maps/Procyon_lotor_2019-10-16_14-46-58_print--trimmed--(2020-01-15--14:30:18).jpg"
"Proteles cristata","https://pipeline-museumapp.naturalis.nl/iucn_maps/Proteles_cristata_2019-10-16_14-47-11_print--trimmed--(2020-01-15--14:30:18).jpg"
"Prunella modularis","https://pipeline-museumapp.naturalis.nl/iucn_maps/Prunella_modularis_2019-10-16_14-47-16_print--trimmed--(2020-01-15--14:30:18).jpg"
"Psarisomus dalhousiae","https://pipeline-museumapp.naturalis.nl/iucn_maps/Psarisomus_dalhousiae_2019-10-16_14-47-23_print--trimmed--(2020-01-15--14:30:18).jpg"
"Pseudotriton montanus","https://pipeline-museumapp.naturalis.nl/iucn_maps/Pseudotriton_montanus_2019-10-16_14-47-28_print--trimmed--(2020-01-15--14:30:18).jpg"
"Psittacula krameri","https://pipeline-museumapp.naturalis.nl/iucn_maps/Psittacula_krameri_2019-10-16_14-47-34_print--trimmed--(2020-01-15--14:30:18).jpg"
"Pteroglossus aracari","https://pipeline-museumapp.naturalis.nl/iucn_maps/Pteroglossus_aracari_2019-10-16_14-47-39_print--trimmed--(2020-01-15--14:30:18).jpg"
"Pterois volitans","https://pipeline-museumapp.naturalis.nl/iucn_maps/Pterois_volitans_2019-10-16_14-47-46_print--trimmed--(2020-01-15--14:30:18).jpg"
"Ptilonorhynchus violaceus","https://pipeline-museumapp.naturalis.nl/iucn_maps/Ptilonorhynchus_violaceus_2019-10-16_14-47-51_print--trimmed--(2020-01-15--14:30:18).jpg"
"Puma concolor","https://pipeline-museumapp.naturalis.nl/iucn_maps/Puma_concolor_2019-10-16_14-48-01_print--trimmed--(2020-01-15--14:30:18).jpg"
"Pygoplites diacanthus","https://pipeline-museumapp.naturalis.nl/iucn_maps/Pygoplites_diacanthus_2019-10-16_14-48-09_print--trimmed--(2020-01-15--14:30:18).jpg"
"Pygoscelis papua","https://pipeline-museumapp.naturalis.nl/iucn_maps/Pygoscelis_papua_2019-10-16_14-48-13_print--trimmed--(2020-01-15--14:30:18).jpg"
"Python regius","https://pipeline-museumapp.naturalis.nl/iucn_maps/Python_regius_2019-10-16_14-48-21_print--trimmed--(2020-01-15--14:30:18).jpg"
"Quercus petraea","https://pipeline-museumapp.naturalis.nl/iucn_maps/Quercus_petraea_2019-10-16_14-48-25_print--trimmed--(2020-01-15--14:30:18).jpg"
"Quercus robur","https://pipeline-museumapp.naturalis.nl/iucn_maps/Quercus_robur_2019-10-16_14-48-32_print--trimmed--(2020-01-15--14:30:18).jpg"
"Raja clavata","https://pipeline-museumapp.naturalis.nl/iucn_maps/Raja_clavata_2019-10-16_14-48-37_print--trimmed--(2020-01-15--14:30:18).jpg"
"Ramphastos ambiguus","https://pipeline-museumapp.naturalis.nl/iucn_maps/Ramphastos_ambiguus_2019-10-16_14-50-47_print--trimmed--(2020-01-15--14:30:18).jpg"
"Ramphastos dicolorus","https://pipeline-museumapp.naturalis.nl/iucn_maps/Ramphastos_dicolorus_2019-10-16_14-50-51_print--trimmed--(2020-01-15--14:30:18).jpg"
"Ramphastos toco","https://pipeline-museumapp.naturalis.nl/iucn_maps/Ramphastos_toco_2019-10-16_14-50-55_print--trimmed--(2020-01-15--14:30:18).jpg"
"Ramphastos tucanus","https://pipeline-museumapp.naturalis.nl/iucn_maps/Ramphastos_tucanus_2019-10-16_14-51-00_print--trimmed--(2020-01-15--14:30:18).jpg"
"Rana temporaria","https://pipeline-museumapp.naturalis.nl/iucn_maps/Rana_temporaria_2019-10-16_14-51-04_print--trimmed--(2020-01-15--14:30:18).jpg"
"Rangifer tarandus","https://pipeline-museumapp.naturalis.nl/iucn_maps/Rangifer_tarandus_2019-10-16_14-51-08_print--trimmed--(2020-01-15--14:30:18).jpg"
"Ranitomeya ventrimaculata","https://pipeline-museumapp.naturalis.nl/iucn_maps/Ranitomeya_ventrimaculata_2019-10-16_14-51-12_print--trimmed--(2020-01-15--14:30:18).jpg"
"Rattus norvegicus","https://pipeline-museumapp.naturalis.nl/iucn_maps/Rattus_norvegicus_2019-11-15_16-51-23_print--trimmed--(2020-01-15--14:30:18).jpg"
"Rattus rattus","https://pipeline-museumapp.naturalis.nl/iucn_maps/Rattus_rattus_2019-10-16_14-51-23_print--trimmed--(2020-01-15--14:30:18).jpg"
"Ratufa bicolor","https://pipeline-museumapp.naturalis.nl/iucn_maps/Ratufa_bicolor_2019-10-16_14-51-27_print--trimmed--(2020-01-15--14:30:18).jpg"
"Recurvirostra avosetta","https://pipeline-museumapp.naturalis.nl/iucn_maps/Recurvirostra_avosetta_2019-10-16_14-51-31_print--trimmed--(2020-01-15--14:30:18).jpg"
"Remiz pendulinus","https://pipeline-museumapp.naturalis.nl/iucn_maps/Remiz_pendulinus_2019-10-16_14-51-35_print--trimmed--(2020-01-15--14:30:18).jpg"
"Rhabdotorrhinus corrugatu","https://pipeline-museumapp.naturalis.nl/iucn_maps/Rhabdotorrhinus_corrugatu_2019-10-08_08-57-36_print--trimmed--(2020-01-15--14:30:18).jpg"
"Rhacophorus nigropalmatus","https://pipeline-museumapp.naturalis.nl/iucn_maps/Rhacophorus_nigropalmatus_2019-10-16_14-51-40_print--trimmed--(2020-01-15--14:30:18).jpg"
"Rhea americana","https://pipeline-museumapp.naturalis.nl/iucn_maps/Rhea_americana_2019-10-16_14-51-44_print--trimmed--(2020-01-15--14:30:18).jpg"
"Rhinella marina","https://pipeline-museumapp.naturalis.nl/iucn_maps/Rhinella_marina_2019-10-16_14-51-48_print--trimmed--(2020-01-15--14:30:18).jpg"
"Rhyticeros plicatus","https://pipeline-museumapp.naturalis.nl/iucn_maps/Rhyticeros_plicatus_2019-10-16_14-51-55_print--trimmed--(2020-01-15--14:30:18).jpg"
"Rissa tridactyla","https://pipeline-museumapp.naturalis.nl/iucn_maps/Rissa_tridactyla_2019-10-16_14-51-59_print--trimmed--(2020-01-15--14:30:18).jpg"
"Rollulus rouloul","https://pipeline-museumapp.naturalis.nl/iucn_maps/Rollulus_rouloul_2019-10-16_14-52-03_print--trimmed--(2020-01-15--14:30:18).jpg"
"Rostroraja alba","https://pipeline-museumapp.naturalis.nl/iucn_maps/Rostroraja_alba_2019-10-16_14-52-12_print--trimmed--(2020-01-15--14:30:18).jpg"
"Rupicola rupicola","https://pipeline-museumapp.naturalis.nl/iucn_maps/Rupicola_rupicola_2019-10-16_14-52-16_print--trimmed--(2020-01-15--14:30:18).jpg"
"Rusa unicolor","https://pipeline-museumapp.naturalis.nl/iucn_maps/Rusa_unicolor_2019-10-16_14-52-20_print--trimmed--(2020-01-15--14:30:18).jpg"
"Rynchops niger","https://pipeline-museumapp.naturalis.nl/iucn_maps/Rynchops_niger_2019-10-16_14-52-24_print--trimmed--(2020-01-15--14:30:18).jpg"
"Saiga tatarica","https://pipeline-museumapp.naturalis.nl/iucn_maps/Saiga_tatarica_2019-10-16_14-52-29_print--trimmed--(2020-01-15--14:30:18).jpg"
"Saimiri sciureus","https://pipeline-museumapp.naturalis.nl/iucn_maps/Saimiri_sciureus_2019-10-16_14-52-33_print--trimmed--(2020-01-15--14:30:18).jpg"
"Salmo trutta","https://pipeline-museumapp.naturalis.nl/iucn_maps/Salmo_trutta_2019-10-16_14-52-39_print--trimmed--(2020-01-15--14:30:18).jpg"
"Sander lucioperca","https://pipeline-museumapp.naturalis.nl/iucn_maps/Sander_lucioperca_2019-10-16_14-52-43_print--trimmed--(2020-01-15--14:30:18).jpg"
"Sarcophilus harrisii","https://pipeline-museumapp.naturalis.nl/iucn_maps/Sarcophilus_harrisii_2019-10-16_14-52-47_print--trimmed--(2020-01-15--14:30:18).jpg"
"Sargocentron spiniferum","https://pipeline-museumapp.naturalis.nl/iucn_maps/Sargocentron_spiniferum_2019-10-16_14-52-51_print--trimmed--(2020-01-15--14:30:18).jpg"
"Scarus ghobban","https://pipeline-museumapp.naturalis.nl/iucn_maps/Scarus_ghobban_2019-10-16_14-52-55_print--trimmed--(2020-01-15--14:30:18).jpg"
"Sciurus carolinensis","https://pipeline-museumapp.naturalis.nl/iucn_maps/Sciurus_carolinensis_2019-10-16_14-53-02_print--trimmed--(2020-01-15--14:30:18).jpg"
"Sciurus vulgaris","https://pipeline-museumapp.naturalis.nl/iucn_maps/Sciurus_vulgaris_2019-10-16_14-53-06_print--trimmed--(2020-01-15--14:30:18).jpg"
"Scyliorhinus canicula","https://pipeline-museumapp.naturalis.nl/iucn_maps/Scyliorhinus_canicula_2019-10-16_14-53-22_print--trimmed--(2020-01-15--14:30:18).jpg"
"Silurus glanis","https://pipeline-museumapp.naturalis.nl/iucn_maps/Silurus_glanis_2019-10-16_14-53-42_print--trimmed--(2020-01-15--14:30:18).jpg"
"Sitta frontalis","https://pipeline-museumapp.naturalis.nl/iucn_maps/Sitta_frontalis_2019-10-16_14-53-46_print--trimmed--(2020-01-15--14:30:18).jpg"
"Smaug giganteus","https://pipeline-museumapp.naturalis.nl/iucn_maps/Smaug_giganteus_2019-10-16_14-53-51_print--trimmed--(2020-01-15--14:30:18).jpg"
"Somateria mollissima","https://pipeline-museumapp.naturalis.nl/iucn_maps/Somateria_mollissima_2019-10-16_14-53-55_print--trimmed--(2020-01-15--14:30:18).jpg"
"Somateria spectabilis","https://pipeline-museumapp.naturalis.nl/iucn_maps/Somateria_spectabilis_2019-10-16_14-53-59_print--trimmed--(2020-01-15--14:30:18).jpg"
"Sorex araneus","https://pipeline-museumapp.naturalis.nl/iucn_maps/Sorex_araneus_2019-10-16_15-00-44_print--trimmed--(2020-01-15--14:30:18).jpg"
"Sorex minutus","https://pipeline-museumapp.naturalis.nl/iucn_maps/Sorex_minutus_2019-10-16_15-00-48_print--trimmed--(2020-01-15--14:30:18).jpg"
"Spheniscus demersus","https://pipeline-museumapp.naturalis.nl/iucn_maps/Spheniscus_demersus_2019-10-16_14-54-04_print--trimmed--(2020-01-15--14:30:18).jpg"
"Sphenodon punctatus","https://pipeline-museumapp.naturalis.nl/iucn_maps/Sphenodon_punctatus_2019-10-16_14-54-07_print--trimmed--(2020-01-15--14:30:18).jpg"
"Spilocuscus maculatus","https://pipeline-museumapp.naturalis.nl/iucn_maps/Spilocuscus_maculatus_2019-10-16_14-54-11_print--trimmed--(2020-01-15--14:30:18).jpg"
"Spilornis cheela","https://pipeline-museumapp.naturalis.nl/iucn_maps/Spilornis_cheela_2019-10-16_14-54-15_print--trimmed--(2020-01-15--14:30:18).jpg"
"Squalus megalops","https://pipeline-museumapp.naturalis.nl/iucn_maps/Squalus_megalops_2019-10-16_14-54-19_print--trimmed--(2020-01-15--14:30:18).jpg"
"Streptopelia turtur","https://pipeline-museumapp.naturalis.nl/iucn_maps/Streptopelia_turtur_2019-10-16_14-54-23_print--trimmed--(2020-01-15--14:30:18).jpg"
"Strix aluco","https://pipeline-museumapp.naturalis.nl/iucn_maps/Strix_aluco_2019-10-16_14-54-27_print--trimmed--(2020-01-15--14:30:18).jpg"
"Strix nebulosa","https://pipeline-museumapp.naturalis.nl/iucn_maps/Strix_nebulosa_2019-10-16_14-54-32_print--trimmed--(2020-01-15--14:30:18).jpg"
"Struthio camelus","https://pipeline-museumapp.naturalis.nl/iucn_maps/Struthio_camelus_2019-10-16_14-54-36_print--trimmed--(2020-01-15--14:30:18).jpg"
"Sturnus vulgaris","https://pipeline-museumapp.naturalis.nl/iucn_maps/Sturnus_vulgaris_2019-10-16_14-54-40_print--trimmed--(2020-01-15--14:30:18).jpg"
"Suricata suricatta","https://pipeline-museumapp.naturalis.nl/iucn_maps/Suricata_suricatta_2019-10-16_14-54-45_print--trimmed--(2020-01-15--14:30:18).jpg"
"Surnia ulula","https://pipeline-museumapp.naturalis.nl/iucn_maps/Surnia_ulula_2019-10-16_14-54-49_print--trimmed--(2020-01-15--14:30:18).jpg"
"Sus scrofa","https://pipeline-museumapp.naturalis.nl/iucn_maps/Sus_scrofa_2019-10-16_14-54-53_print--trimmed--(2020-01-15--14:30:18).jpg"
"Sylvia atricapilla","https://pipeline-museumapp.naturalis.nl/iucn_maps/Sylvia_atricapilla_2019-10-16_14-54-59_print--trimmed--(2020-01-15--14:30:18).jpg"
"Syrmaticus reevesii","https://pipeline-museumapp.naturalis.nl/iucn_maps/Syrmaticus_reevesii_2019-10-16_14-55-04_print--trimmed--(2020-01-15--14:30:18).jpg"
"Syrrhaptes paradoxus","https://pipeline-museumapp.naturalis.nl/iucn_maps/Syrrhaptes_paradoxus_2019-10-16_14-55-08_print--trimmed--(2020-01-15--14:30:18).jpg"
"Tachybaptus ruficollis","https://pipeline-museumapp.naturalis.nl/iucn_maps/Tachybaptus_ruficollis_2019-10-16_14-55-12_print--trimmed--(2020-01-15--14:30:18).jpg"
"Tachyglossus aculeatus","https://pipeline-museumapp.naturalis.nl/iucn_maps/Tachyglossus_aculeatus_2019-10-16_14-55-16_print--trimmed--(2020-01-15--14:30:18).jpg"
"Talpa europaea","https://pipeline-museumapp.naturalis.nl/iucn_maps/Talpa_europaea_2019-10-16_14-55-21_print--trimmed--(2020-01-15--14:30:18).jpg"
"Tamiasciurus hudsonicus","https://pipeline-museumapp.naturalis.nl/iucn_maps/Tamiasciurus_hudsonicus_2019-10-16_14-55-31_print--trimmed--(2020-01-15--14:30:18).jpg"
"Tangara chilensis","https://pipeline-museumapp.naturalis.nl/iucn_maps/Tangara_chilensis_2019-10-16_14-55-35_print--trimmed--(2020-01-15--14:30:18).jpg"
"Tapicus indicus","https://pipeline-museumapp.naturalis.nl/iucn_maps/Tapicus_indicus_2019-10-08_08-57-54_print--trimmed--(2020-01-15--14:30:18).jpg"
"Tauraco hartlaubi","https://pipeline-museumapp.naturalis.nl/iucn_maps/Tauraco_hartlaubi_2019-10-16_14-55-43_print--trimmed--(2020-01-15--14:30:18).jpg"
"Tauraco persa","https://pipeline-museumapp.naturalis.nl/iucn_maps/Tauraco_persa_2019-10-16_14-55-48_print--trimmed--(2020-01-15--14:30:18).jpg"
"Tenrec ecaudatus","https://pipeline-museumapp.naturalis.nl/iucn_maps/Tenrec_ecaudatus_2019-10-16_14-55-55_print--trimmed--(2020-01-15--14:30:18).jpg"
"Tetrao urogallus","https://pipeline-museumapp.naturalis.nl/iucn_maps/Tetrao_urogallus_2019-10-16_14-56-04_print--trimmed--(2020-01-15--14:30:18).jpg"
"Thamnophis sirtalis","https://pipeline-museumapp.naturalis.nl/iucn_maps/Thamnophis_sirtalis_2019-10-16_15-00-52_print--trimmed--(2020-01-15--14:30:18).jpg"
"Threskiornis aethiopicus","https://pipeline-museumapp.naturalis.nl/iucn_maps/Threskiornis_aethiopicus_2019-10-16_14-56-08_print--trimmed--(2020-01-15--14:30:18).jpg"
"Thunnus alalunga","https://pipeline-museumapp.naturalis.nl/iucn_maps/Thunnus_alalunga_2019-10-16_14-56-15_print--trimmed--(2020-01-15--14:30:18).jpg"
"Thunnus thynnus","https://pipeline-museumapp.naturalis.nl/iucn_maps/Thunnus_thynnus_2019-10-28_15-19-55_print--trimmed--(2020-01-15--14:30:18).jpg"
"Tigrisoma lineatum","https://pipeline-museumapp.naturalis.nl/iucn_maps/Tigrisoma_lineatum_2019-10-16_14-56-19_print--trimmed--(2020-01-15--14:30:18).jpg"
"Tockus erythrorhynchus","https://pipeline-museumapp.naturalis.nl/iucn_maps/Tockus_erythrorhynchus_2019-10-16_14-56-24_print--trimmed--(2020-01-15--14:30:18).jpg"
"Trachinus draco","https://pipeline-museumapp.naturalis.nl/iucn_maps/Trachinus_draco_2019-10-16_14-56-28_print--trimmed--(2020-01-15--14:30:18).jpg"
"Trachypithecus obscurus","https://pipeline-museumapp.naturalis.nl/iucn_maps/Trachypithecus_obscurus_2019-10-16_14-56-33_print--trimmed--(2020-01-15--14:30:18).jpg"
"Tragelaphus strepsiceros","https://pipeline-museumapp.naturalis.nl/iucn_maps/Tragelaphus_strepsiceros_2019-10-16_14-56-37_print--trimmed--(2020-01-15--14:30:18).jpg"
"Tragopan blythii","https://pipeline-museumapp.naturalis.nl/iucn_maps/Tragopan_blythii_2019-10-16_14-56-41_print--trimmed--(2020-01-15--14:30:18).jpg"
"Tragulus javanicus","https://pipeline-museumapp.naturalis.nl/iucn_maps/Tragulus_javanicus_2019-10-16_14-56-46_print--trimmed--(2020-01-15--14:30:18).jpg"
"Treron bicinctus","https://pipeline-museumapp.naturalis.nl/iucn_maps/Treron_bicinctus_2019-10-16_14-56-50_print--trimmed--(2020-01-15--14:30:18).jpg"
"Trichechus manatus","https://pipeline-museumapp.naturalis.nl/iucn_maps/Trichechus_manatus_2019-10-16_14-56-54_print--trimmed--(2020-01-15--14:30:18).jpg"
"Tringa totanus","https://pipeline-museumapp.naturalis.nl/iucn_maps/Tringa_totanus_2019-10-16_14-57-05_print--trimmed--(2020-01-15--14:30:18).jpg"
"Trioceros jacksonii","https://pipeline-museumapp.naturalis.nl/iucn_maps/Trioceros_jacksonii_2019-10-16_14-57-09_print--trimmed--(2020-01-15--14:30:18).jpg"
"Trogon viridis","https://pipeline-museumapp.naturalis.nl/iucn_maps/Trogon_viridis_2019-10-16_14-57-13_print--trimmed--(2020-01-15--14:30:18).jpg"
"Tubipora musica","https://pipeline-museumapp.naturalis.nl/iucn_maps/Tubipora_musica_2019-10-16_14-57-17_print--trimmed--(2020-01-15--14:30:18).jpg"
"Turdus merula","https://pipeline-museumapp.naturalis.nl/iucn_maps/Turdus_merula_2019-10-16_14-57-21_print--trimmed--(2020-01-15--14:30:18).jpg"
"Turdus philomelos","https://pipeline-museumapp.naturalis.nl/iucn_maps/Turdus_philomelos_2019-10-16_14-57-26_print--trimmed--(2020-01-15--14:30:18).jpg"
"Turnix suscitator","https://pipeline-museumapp.naturalis.nl/iucn_maps/Turnix_suscitator_2019-10-16_14-57-30_print--trimmed--(2020-01-15--14:30:18).jpg"
"Tursiops truncatus","https://pipeline-museumapp.naturalis.nl/iucn_maps/Tursiops_truncatus_2019-10-16_14-57-34_print--trimmed--(2020-01-15--14:30:18).jpg"
"Tympanuchus cupido","https://pipeline-museumapp.naturalis.nl/iucn_maps/Tympanuchus_cupido_2019-10-16_15-01-03_print--trimmed--(2020-01-15--14:30:18).jpg"
"Tyto alba","https://pipeline-museumapp.naturalis.nl/iucn_maps/Tyto_alba_2019-10-16_14-57-39_print--trimmed--(2020-01-15--14:30:18).jpg"
"Upupa epops","https://pipeline-museumapp.naturalis.nl/iucn_maps/Upupa_epops_2019-10-16_14-57-43_print--trimmed--(2020-01-15--14:30:18).jpg"
"Uria aalge","https://pipeline-museumapp.naturalis.nl/iucn_maps/Uria_aalge_2019-10-16_14-57-47_print--trimmed--(2020-01-15--14:30:18).jpg"
"Urocolius macrourus","https://pipeline-museumapp.naturalis.nl/iucn_maps/Urocolius_macrourus_2019-10-16_14-57-51_print--trimmed--(2020-01-15--14:30:18).jpg"
"Uromenus rugosicollis","https://pipeline-museumapp.naturalis.nl/iucn_maps/Uromenus_rugosicollis_2019-10-16_14-57-55_print--trimmed--(2020-01-15--14:30:18).jpg"
"Uroplatus fimbriatus","https://pipeline-museumapp.naturalis.nl/iucn_maps/Uroplatus_fimbriatus_2019-10-16_14-58-00_print--trimmed--(2020-01-15--14:30:18).jpg"
"Ursus arctos","https://pipeline-museumapp.naturalis.nl/iucn_maps/Ursus_arctos_2019-10-16_14-58-06_print--trimmed--(2020-01-15--14:30:18).jpg"
"Ursus maritimus","https://pipeline-museumapp.naturalis.nl/iucn_maps/Ursus_maritimus_2019-10-16_14-58-10_print--trimmed--(2020-01-15--14:30:18).jpg"
"Ursus thibetanus","https://pipeline-museumapp.naturalis.nl/iucn_maps/Ursus_thibetanus_2019-10-16_14-58-16_print--trimmed--(2020-01-15--14:30:18).jpg"
"Vanellus vanellus","https://pipeline-museumapp.naturalis.nl/iucn_maps/Vanellus_vanellus_2019-10-16_14-58-20_print--trimmed--(2020-01-15--14:30:18).jpg"
"Vimba vimba","https://pipeline-museumapp.naturalis.nl/iucn_maps/Vimba_vimba_2019-10-16_14-58-39_print--trimmed--(2020-01-15--14:30:18).jpg"
"Viverra tangalunga","https://pipeline-museumapp.naturalis.nl/iucn_maps/Viverra_tangalunga_2019-10-16_14-58-53_print--trimmed--(2020-01-15--14:30:18).jpg"
"Vombatus ursinus","https://pipeline-museumapp.naturalis.nl/iucn_maps/Vombatus_ursinus_2019-10-16_14-58-56_print--trimmed--(2020-01-15--14:30:18).jpg"
"Vulpes vulpes","https://pipeline-museumapp.naturalis.nl/iucn_maps/Vulpes_vulpes_2019-10-16_14-59-00_print--trimmed--(2020-01-15--14:30:18).jpg"
"Vulpes zerda","https://pipeline-museumapp.naturalis.nl/iucn_maps/Vulpes_zerda_2019-10-16_14-59-05_print--trimmed--(2020-01-15--14:30:18).jpg"
"Xiphias gladius","https://pipeline-museumapp.naturalis.nl/iucn_maps/Xiphias_gladius_2019-10-16_14-59-09_print--trimmed--(2020-01-15--14:30:18).jpg"
"Zalophus californianus","https://pipeline-museumapp.naturalis.nl/iucn_maps/Zalophus_californianus_2019-10-16_14-59-14_print--trimmed--(2020-01-15--14:30:18).jpg"
"Zebrasoma xanthurum","https://pipeline-museumapp.naturalis.nl/iucn_maps/Zebrasoma_xanthurum_2019-10-16_14-59-19_print--trimmed--(2020-01-15--14:30:18).jpg"
"Zeus faber","https://pipeline-museumapp.naturalis.nl/iucn_maps/Zeus_faber_2019-10-16_14-59-24_print--trimmed--(2020-01-15--14:30:18).jpg"
"Zootoca vivipara","https://pipeline-museumapp.naturalis.nl/iucn_maps/Zootoca_vivipara_2019-10-16_14-59-28_print--trimmed--(2020-01-15--14:30:18).jpg"
